text,intent,intent_name,n_tokens,language
what's the nutritional info for spaghetti,5,nutrition_info,6.0,en
what's the nutritional info for pizza,5,nutrition_info,6.0,en
how healthy are potato skins,5,nutrition_info,5.0,en
how healthy is spaghetti,5,nutrition_info,4.0,en
share the nutrition info for brownies with me,5,nutrition_info,8.0,en
share the nutrition info for french fries with me,5,nutrition_info,9.0,en
what's the nutritional info for potato skins,5,nutrition_info,7.0,en
what's the nutritional info for lasagna,5,nutrition_info,6.0,en
how healthy are french fries,5,nutrition_info,5.0,en
share the nutrition info for spaghetti with me,5,nutrition_info,8.0,en
share the nutrition info for cake with me,5,nutrition_info,8.0,en
what's the nutritional info for french fries,5,nutrition_info,7.0,en
how healthy is tomato soup,5,nutrition_info,5.0,en
share the nutrition info for pizza with me,5,nutrition_info,8.0,en
what do you know to be the nutritional info for macaroni and cheese to be,5,nutrition_info,15.0,en
the nutritional info for macaroni and cheese is what,5,nutrition_info,9.0,en
can you read to me the nutritional info for macaroni and cheese,5,nutrition_info,12.0,en
do you know the nutritional info for macaroni and cheese,5,nutrition_info,10.0,en
can you remember the nutritional info for macaroni and cheese,5,nutrition_info,10.0,en
is it healthy to eat pizza,5,nutrition_info,6.0,en
is pizza healthy,5,nutrition_info,3.0,en
how healthy is pizza,5,nutrition_info,4.0,en
could pizza be healthy,5,nutrition_info,4.0,en
is pizza considered healthy,5,nutrition_info,4.0,en
"i'd like to know the nutritional content of eggs, please",5,nutrition_info,10.0,en
what's the nutrition content of chicken nuggets,5,nutrition_info,7.0,en
give me the nutrition facts for chicken breast,5,nutrition_info,8.0,en
what's the nutritional information for steak,5,nutrition_info,6.0,en
can you tell me the nutritional content of chicken nuggets,5,nutrition_info,10.0,en
what's the nutritional information of iceberg lettuce,5,nutrition_info,7.0,en
what kind of nutritional content do carrots have,5,nutrition_info,8.0,en
nutritional information for celery,5,nutrition_info,4.0,en
what are the nutritional facts of waffles,5,nutrition_info,7.0,en
can you tell me the nutrition info for pork sausage,5,nutrition_info,10.0,en
what's the nutritional info for an apple,5,nutrition_info,7.0,en
what's the nutritional info for chicken breast,5,nutrition_info,7.0,en
what's the nutritional info for a banana,5,nutrition_info,7.0,en
what's the nutritional info for a cheeseburger,5,nutrition_info,7.0,en
what's the nutritional info for a loaf of bread,5,nutrition_info,9.0,en
mashed potato's nutrition,5,nutrition_info,3.0,en
nutrition information of mashed potatoes,5,nutrition_info,5.0,en
what are the nutritional data for mashed potatoes,5,nutrition_info,8.0,en
are mashed potatoes good nutrition,5,nutrition_info,5.0,en
give me the nutritional information for mashed potatoes,5,nutrition_info,8.0,en
how healthy are apples,5,nutrition_info,4.0,en
i want to know if pizza is healthy,5,nutrition_info,8.0,en
can you tell me how healthy apples are,5,nutrition_info,8.0,en
are pasta dishes healthy,5,nutrition_info,4.0,en
do you know the nutrition facts for grapes,5,nutrition_info,8.0,en
i must know the nutritional info for grapes,5,nutrition_info,8.0,en
grapes have what kind of nutritional facts,5,nutrition_info,7.0,en
tell me the nutrition for grapes,5,nutrition_info,6.0,en
can you show me the nutrition facts for grapes,5,nutrition_info,9.0,en
i want to know the nutrition info for chicken nuggets,5,nutrition_info,10.0,en
tell me the nutritional information for chicken nuggets,5,nutrition_info,8.0,en
"nutrition information for chicken nuggets, please",5,nutrition_info,6.0,en
can you tell me the nutritional information for chicken nuggets,5,nutrition_info,10.0,en
i would like you to share with me the nutrition info for chicken nuggets,5,nutrition_info,14.0,en
i want to know how nutritious an avocado typically is,5,nutrition_info,10.0,en
can you give me nutritional info on oranges,5,nutrition_info,8.0,en
can you tell me how many calories are in an apple,5,nutrition_info,11.0,en
i would like to know how much fat is in tbsp of olive oil,5,nutrition_info,14.0,en
can you give the nutritional information for the pasta,5,nutrition_info,9.0,en
let me see the nutrition content of the chicken tacos,5,nutrition_info,10.0,en
i need to see the chicken salad's nutritional info,5,nutrition_info,9.0,en
i need to know all about the nutrition of the beef taco,5,nutrition_info,12.0,en
i want to see the nutritional content of the hamburger,5,nutrition_info,10.0,en
what sort of nutrients does a steak have,5,nutrition_info,8.0,en
what's the facts about nutrients in rice milk,5,nutrition_info,8.0,en
what type of nutrition does spaghetti have,5,nutrition_info,7.0,en
how many kinds of nutrients does a glass of rice milk have,5,nutrition_info,12.0,en
can you give me information about the nutrition facts for celery,5,nutrition_info,11.0,en
what's the nutrient make up of a plate of spaghetti,5,nutrition_info,10.0,en
what's the nutrient info for a donut,5,nutrition_info,7.0,en
what's the nutritional info for a ganola bar,5,nutrition_info,8.0,en
can you tell me about the nutrients in jello,5,nutrition_info,9.0,en
how many nutrients are there in a bowl of cereal,5,nutrition_info,10.0,en
i need to know how healthy meatloaf is,5,nutrition_info,8.0,en
what are the nutrition facts of grilled chicken,5,nutrition_info,8.0,en
what are the nutrition facts for macaroni and cheese,5,nutrition_info,9.0,en
please fill me in on the nutrition facts for shrimp scampi,5,nutrition_info,11.0,en
is spaghetti healthy,5,nutrition_info,3.0,en
tell me how healthy mac and cheese is,5,nutrition_info,8.0,en
please give me the nutrition facts for chicken parmesan,5,nutrition_info,9.0,en
how healthy is grilled chicken,5,nutrition_info,5.0,en
i want to know the nutrition facts for pizza,5,nutrition_info,9.0,en
do you have nutrition facts for cheerios,5,nutrition_info,7.0,en
where are the nutrition facts for cheerios,5,nutrition_info,7.0,en
how nutritious are cheerios,5,nutrition_info,4.0,en
where on the cheerios box are the nutrition facts,5,nutrition_info,9.0,en
does the box have nutrition facts for cheerios on it,5,nutrition_info,10.0,en
what are the nutrition facts for a mcdouble at mcdonalds,5,nutrition_info,10.0,en
how healthy are lunchables,5,nutrition_info,4.0,en
what are the nutrition facts for a medium popcorn at the movies,5,nutrition_info,12.0,en
what's the nutritional info for a subway chicken sandwhich,5,nutrition_info,9.0,en
what are the nutrition facts for a rodeo cheese burger at burger king,5,nutrition_info,13.0,en
how healthy is pho,5,nutrition_info,4.0,en
what's the nutritional value for a pizza lunchable,5,nutrition_info,8.0,en
how healthy is stax chips,5,nutrition_info,5.0,en
what's the nutritional info for a cup of noodle soup,5,nutrition_info,10.0,en
jello should stay in the fridge for how long,8,food_last,9.0,en
when will my milk be no good,8,food_last,7.0,en
when will my eggs go bad,8,food_last,6.0,en
how long will my eggs be good for,8,food_last,8.0,en
what date does my apple juice expire,8,food_last,7.0,en
how long until my cereal is ruined,8,food_last,7.0,en
what's the max time i can leave a green pepper in the fridge,8,food_last,13.0,en
what's the time frame for hamburger stored in the freezer to go bad,8,food_last,13.0,en
how long can i keep deer meat in the freezer before it's unedible,8,food_last,13.0,en
has the leftover hamburger from last saturday gone bad,8,food_last,9.0,en
is there a limit to how long you can store bread in the freezer,8,food_last,14.0,en
"i've had eggs in the fridge since monday, are they still safe",8,food_last,12.0,en
how long can you keep chicken in the freeze before it goes bad,8,food_last,13.0,en
is the tofu i put in the fridge tuesday still edible today,8,food_last,12.0,en
how long does cottage cheese keep in the fridge,8,food_last,9.0,en
what's the shelf life of guacamole in the fridge,8,food_last,9.0,en
how long does it take for dough in the freezer to go off,8,food_last,13.0,en
will i get sick if i eat the tuna salad from friday,8,food_last,12.0,en
i put some leftover stew in the fridge and want to know how long it'll last,8,food_last,16.0,en
how long can i leave tuna casserole in the fridge,8,food_last,10.0,en
is it still safe to consume the cake she backed last thursday,8,food_last,12.0,en
can i safely eat chicken that i've had in my fridge since monday,8,food_last,13.0,en
can i eat chicken if it's been in the fridge since monday,8,food_last,12.0,en
is it safe to eat chicken that has been in the fridge since monday,8,food_last,14.0,en
will the chicken have gone bad if it's been in the fridge since monday,8,food_last,14.0,en
is it okay to eat chicken that i put in the fridge on monday,8,food_last,14.0,en
how soon until the milk expires,8,food_last,6.0,en
the milk will expire when,8,food_last,5.0,en
tell me when the milk will expire,8,food_last,7.0,en
what is the expiration date of the milk,8,food_last,8.0,en
will it be all right for me to drink milk i've had in the fridge since tuesday,8,food_last,17.0,en
what is the shelf life for beef in the freezer,8,food_last,10.0,en
can i eat the eggs i've had in the fridge since 2/21,8,food_last,12.0,en
how long can i keep a ham in the freezer,8,food_last,10.0,en
how long will chicken last in the freezer,8,food_last,8.0,en
can i drink milk i've kept in the fridge since wednesday,8,food_last,11.0,en
how long will steaks last in the freezer,8,food_last,8.0,en
what's the shelf life for eggs in the fridge,8,food_last,9.0,en
how long can i store eggs in the fridge,8,food_last,9.0,en
will it be okay for me to eat my leftover turkey from monday that's been in my fridge,8,food_last,18.0,en
how long can i keep fish in the freezer before it gets ruined,8,food_last,13.0,en
how long will my milk be good in the fridge,8,food_last,10.0,en
how long will eggs last in the fridge,8,food_last,8.0,en
i've had eggs in the fridge since monday are they safe eat,8,food_last,12.0,en
"is the meatloaf still good to eat, i've had it in the refrigerator since last monday",8,food_last,16.0,en
apples expire in how long,8,food_last,5.0,en
cut cucumbers can stay in the fridge for how long before spoiling,8,food_last,12.0,en
ribs can stay in the fridge for how long before they turn,8,food_last,12.0,en
when do ribs expire,8,food_last,4.0,en
bananas expire in how long,8,food_last,5.0,en
how long does it take tomatoes to expire,8,food_last,8.0,en
how long can i keep avocados in the fridge before they go bad,8,food_last,13.0,en
how long can i keep macaroni in the fridge before it spoils,8,food_last,12.0,en
oranges expire in how long,8,food_last,5.0,en
cut carrots can stay in the fridge for how long before going bad,8,food_last,13.0,en
i wanna know how long can i keep pizza in the freezer for before it goes bad,8,food_last,17.0,en
how long can i keep pizza in the freezer for before it goes bad,8,food_last,14.0,en
"it seems to be that i have had pizza in the fridge since monday, so is it safe to eat",8,food_last,20.0,en
how long can pizza be in the fridge,8,food_last,8.0,en
so how long can pizza last in the fridge,8,food_last,9.0,en
"it turns out i have had pizza in the fridge since monday, so is it safe to eat",8,food_last,18.0,en
i got to know how long can i keep pizza in the freezer for before it goes bad,8,food_last,18.0,en
"so it seems i have had pizza in the fridge since monday, so is it safe to eat",8,food_last,18.0,en
how long can i leave pizza in the fridge,8,food_last,9.0,en
tell me how long can i keep pizza in the freezer for before it goes bad,8,food_last,16.0,en
how long can i have pizza in the fridge,8,food_last,9.0,en
"i have had pizza in the fridge since monday, so is it safe to eat",8,food_last,15.0,en
"so i have had pizza in the fridge since monday, so is it safe to eat",8,food_last,16.0,en
i need to know how long can i keep pizza in the freezer for before it goes bad,8,food_last,18.0,en
how long can i put pizza in the fridge,8,food_last,9.0,en
what is the length of time i can leave pork in the fridge,8,food_last,13.0,en
how long until pork spoils in the fridge,8,food_last,8.0,en
how long is pork good in the fridge,8,food_last,8.0,en
is there a time limit on leaving pork in the fridge,8,food_last,11.0,en
when does pork go bad in the fridge,8,food_last,8.0,en
when does milk expire,8,food_last,4.0,en
how long does it take frozen steaks to go bad,8,food_last,10.0,en
how long does bread last in the freezer,8,food_last,8.0,en
how long does bread last,8,food_last,5.0,en
how long can i expect chicken breast to be good for before expiration,8,food_last,13.0,en
how long will eggs keep in the freezer,8,food_last,8.0,en
how long do i have before frozen chicken will go bad,8,food_last,11.0,en
how long are eggs good for,8,food_last,6.0,en
how long can i expect to keep steak in the freezer,8,food_last,11.0,en
what's the expiration for steak,8,food_last,5.0,en
is it ok to eat alfredo that's been in the fridge since last sunday,8,food_last,14.0,en
my chinese food has sat in the fridge since friday but can i still eat it,8,food_last,16.0,en
how long is it safe to leave a burger in the refrigerator,8,food_last,12.0,en
what is the fridge life of spahghetti,8,food_last,7.0,en
check if it is ok to eat cheese that has been in the refrigerator since last tuesday,8,food_last,17.0,en
give me the length of time that i can leave milk in my fridge,8,food_last,14.0,en
how long is it safe to leave shrimp in the fridge,8,food_last,11.0,en
"i have had pasta in the fridge since monday, can is till consume it",8,food_last,14.0,en
am i good to eat this burger from the fridge that i got two mondays ago,8,food_last,16.0,en
when will lettuce in the fridge go bad,8,food_last,8.0,en
"i've got some chips from monday, will they still be ok to eat",8,food_last,13.0,en
"i have potatoes in the cupboard from wednesday, are they fine",8,food_last,11.0,en
"i have tomatoes from tuesday, do you think those are still good",8,food_last,12.0,en
"i've had these burger patties in the freezer since saturday, are they still fine to cook",8,food_last,16.0,en
if i have garlic from sunday is it still fine to use,8,food_last,12.0,en
how long will the turkey take to cook,7,cook_time,8.0,en
so how long do you think the chicken will take,7,cook_time,10.0,en
how long does pizza take to cook,7,cook_time,7.0,en
how long is the chicken gonna take,7,cook_time,7.0,en
how long will the chicken take to cook,7,cook_time,8.0,en
how long does it take to cook roast beef,7,cook_time,9.0,en
how long does it take to boil an egg,7,cook_time,9.0,en
how long does it take to bake a pork loin,7,cook_time,10.0,en
how long does it take to make roast chicken,7,cook_time,9.0,en
how long does it take to cook a pork chop,7,cook_time,10.0,en
how much time do i need to make the chicken,7,cook_time,10.0,en
what's the prep and cooking time on pizza dough,7,cook_time,9.0,en
how long does it take to make lasagna,7,cook_time,8.0,en
how long will it take to make the wings,7,cook_time,9.0,en
what's the cooking time for the cake,7,cook_time,7.0,en
the steak must go under the broiler for how long,7,cook_time,10.0,en
how long do i put the casserole in,7,cook_time,8.0,en
if i cook the pizza at 400 degrees how long must it be in for,7,cook_time,15.0,en
how long do you need to put the cuish in for,7,cook_time,11.0,en
the sauce must simmer then go in the oven but for how long,7,cook_time,13.0,en
i need the cooking length for a turkey,7,cook_time,8.0,en
how many minutes do i cook baked ziti,7,cook_time,8.0,en
how long does it take to cook ham,7,cook_time,8.0,en
i need to know how long to do a pot roast in a slow cooker,7,cook_time,15.0,en
how long does a roast take,7,cook_time,6.0,en
how long is it acceptable to carmelize onions,7,cook_time,8.0,en
when should i take an apple pie out,7,cook_time,8.0,en
how long do you cook a salmon,7,cook_time,7.0,en
how much time does it take to boil an egg,7,cook_time,10.0,en
what is the duration of time cookies should be in the oven,7,cook_time,12.0,en
about how long should you cook lasagna,7,cook_time,7.0,en
what is the prep time for a 10 lb turkey,7,cook_time,10.0,en
how many minutes to melt cheese,7,cook_time,6.0,en
how long to reheat chinese food,7,cook_time,6.0,en
how long do you cook pasta for,7,cook_time,7.0,en
about how long should you cook a 10 pound turkey,7,cook_time,10.0,en
how long does it take to prepare pot roast,7,cook_time,9.0,en
how long to microwave a pizza,7,cook_time,6.0,en
how long should i cook a glazed ham,7,cook_time,8.0,en
how long should i cook a spiral ham,7,cook_time,8.0,en
how long do the brownies have to cook,7,cook_time,8.0,en
how long to i bake the brownies,7,cook_time,7.0,en
how long should i bake the brownies for,7,cook_time,8.0,en
for how long should i bake the brownies,7,cook_time,8.0,en
how long do the brownies need to be in the oven,7,cook_time,11.0,en
how long does this dish need to be in the oven,7,cook_time,11.0,en
for how long does this need to cook,7,cook_time,8.0,en
what do i set the timer for if i'm making gyoza,7,cook_time,11.0,en
what should i put on the timer to cook this dish,7,cook_time,11.0,en
how long do i cook this dish of rice,7,cook_time,9.0,en
how long should a cake bake,7,cook_time,6.0,en
how long to microwave a frozen dinner,7,cook_time,7.0,en
what's the preparation time for spaghetti,7,cook_time,6.0,en
how long should this be in the oven,7,cook_time,8.0,en
how long to cook a frozen pizza,7,cook_time,7.0,en
"i want to bake brownies, how long do they bake for",7,cook_time,11.0,en
how long do you bake a cake,7,cook_time,7.0,en
how long does it take to make shrimp scampi,7,cook_time,9.0,en
how long to cook steak for,7,cook_time,6.0,en
how long do you cook a hamburger for,7,cook_time,8.0,en
how long should i expect beef stroganoff to prepare,7,cook_time,9.0,en
how long do i cook steak,7,cook_time,6.0,en
what's the cooking time for chicken alfredo,7,cook_time,7.0,en
how long does it take pork to cook,7,cook_time,8.0,en
how much time do i need to prepare chicken,7,cook_time,9.0,en
noodles need to cook for how long,7,cook_time,7.0,en
how long should i boil noodles for,7,cook_time,7.0,en
how long do noodles need to cook,7,cook_time,7.0,en
what time should i cook noodles for,7,cook_time,7.0,en
how long do i need to make lasagne,7,cook_time,8.0,en
how long will it take me to make baked chicken,7,cook_time,10.0,en
how long will it take to fix shepherd's pie,7,cook_time,9.0,en
how long do cheeseburgers take to make,7,cook_time,7.0,en
how long should i cook the ham for,7,cook_time,8.0,en
how long should i cook the eggs for,7,cook_time,8.0,en
how long should i cook the asparagus for,7,cook_time,8.0,en
how long should i cook the pasta for,7,cook_time,8.0,en
how long should i cook the steak for,7,cook_time,8.0,en
what is the necessary amount of time required to prepare pot roast,7,cook_time,12.0,en
how long am i supposed to cook pork loin,7,cook_time,9.0,en
how long must i cook spaghetti for,7,cook_time,7.0,en
tell me how long i will need to spend preparing a meat loaf dish,7,cook_time,14.0,en
i need to know the preparation time required for fried chicken,7,cook_time,11.0,en
how long should i spend preparing roast beef,7,cook_time,8.0,en
what amount of time do i need to cook lobster for,7,cook_time,11.0,en
what is the proper time to cook steak for,7,cook_time,9.0,en
how long should i cook chicken,7,cook_time,6.0,en
tell me how long i ought to spend preparing fajitas,7,cook_time,10.0,en
how long should i cook chicken thighs,7,cook_time,7.0,en
how long should i cook a ny steak,7,cook_time,8.0,en
how long do i cook pork,7,cook_time,6.0,en
how long do i cook the chicken roast,7,cook_time,8.0,en
how long do i cook chicken breast,7,cook_time,7.0,en
what's the time it takes to make a decent omelette,7,cook_time,10.0,en
how long should i fry an egg for,7,cook_time,8.0,en
what's the prep time for a garden salad,7,cook_time,8.0,en
what's the usual time for tuna casserole,7,cook_time,7.0,en
how long do you need to bake chicken for it to be safe to eat,7,cook_time,15.0,en
how long should i cook a steak for,7,cook_time,8.0,en
how long should i wait before i can bake bread with homemade dough,7,cook_time,13.0,en
what about changing the sugar for baking soda,4,ingredient_substitution,8.0,en
can i swap sugar for salt,4,ingredient_substitution,6.0,en
would it be possible to replace the salt with baking soda,4,ingredient_substitution,11.0,en
"instead of pepper, can i use salt",4,ingredient_substitution,7.0,en
can i take out the olive oil and use lard,4,ingredient_substitution,10.0,en
can i use water instead of milk,4,ingredient_substitution,7.0,en
it is okay to use water in place of milk,4,ingredient_substitution,10.0,en
it is okay to replace water instead of milk,4,ingredient_substitution,9.0,en
is it okay to switch water for milk,4,ingredient_substitution,8.0,en
will it be okay if i use water instead of milk,4,ingredient_substitution,11.0,en
can i substitute ginger for garlic,4,ingredient_substitution,6.0,en
can i substitute rice for potatoes,4,ingredient_substitution,6.0,en
can i substitute oregano for basil,4,ingredient_substitution,6.0,en
can i substitute bacon for sausage,4,ingredient_substitution,6.0,en
can i substitute honey for sugar,4,ingredient_substitution,6.0,en
can i switch cream with milk in a recipe,4,ingredient_substitution,9.0,en
can i exchange milk for cream in recipes,4,ingredient_substitution,8.0,en
is milk an ok substitute for cream,4,ingredient_substitution,7.0,en
can i use milk instead of cream,4,ingredient_substitution,7.0,en
can i switch cream out for milk,4,ingredient_substitution,7.0,en
can i substitute skim milk for whole milk,4,ingredient_substitution,8.0,en
is it okay to substitute oregano for basil,4,ingredient_substitution,8.0,en
can i use colby jack cheese instead of cheddar in a recipe,4,ingredient_substitution,12.0,en
can i use dark brown sugar instead of brown sugar,4,ingredient_substitution,10.0,en
can i substitute lemon juice for vinegar,4,ingredient_substitution,7.0,en
can i use apple juice instead of grape juice,4,ingredient_substitution,9.0,en
can i substitute apple juice for wine,4,ingredient_substitution,7.0,en
can i substitute vinegar for apple cider vinegar,4,ingredient_substitution,8.0,en
can i substitute lemon juice for lime juice,4,ingredient_substitution,8.0,en
can i use sour cream instead of yogurt,4,ingredient_substitution,8.0,en
is it possible to substitute apple cider vinegar for lemons,4,ingredient_substitution,10.0,en
i need to know if i could substitute apple sauce with eggs,4,ingredient_substitution,12.0,en
is honey a good sugar substitute,4,ingredient_substitution,6.0,en
could i use olive oil instead of grape seed oil,4,ingredient_substitution,10.0,en
can i use flour as a substitute for bread crumbs,4,ingredient_substitution,10.0,en
i need to swap salt for baking soda,4,ingredient_substitution,8.0,en
i wanna swap salt for baking soda,4,ingredient_substitution,7.0,en
i need to sub sugar for salt,4,ingredient_substitution,7.0,en
can i sub sugar for salt,4,ingredient_substitution,6.0,en
is it ok to sub sugar for salt,4,ingredient_substitution,8.0,en
let me swap salt for baking soda,4,ingredient_substitution,7.0,en
please allow me to swap salt for baking soda,4,ingredient_substitution,9.0,en
is it acceptable to swap salt for baking soda,4,ingredient_substitution,9.0,en
i gotta sub sugar for salt,4,ingredient_substitution,6.0,en
i wanna sub sugar for salt,4,ingredient_substitution,6.0,en
can i use flour instead of cornstarch to make gravy,4,ingredient_substitution,10.0,en
can i substitute yogurt for sour cream,4,ingredient_substitution,7.0,en
"if a recipe calls for sour cream, can i use yogurt",4,ingredient_substitution,11.0,en
can i use sour cream in place of creme fraiche,4,ingredient_substitution,10.0,en
can i use yogurt in place of sour cream,4,ingredient_substitution,9.0,en
can i use sour cream instead of milk,4,ingredient_substitution,8.0,en
"i don't have sour cream, can i use yogurt instead",4,ingredient_substitution,10.0,en
can i swap yogurt for sour cream,4,ingredient_substitution,7.0,en
can yogurt be used for sour cream,4,ingredient_substitution,7.0,en
is it fine to sub bread flour with all-purpose flour,4,ingredient_substitution,10.0,en
are you able to sub white sugar for brown sugar,4,ingredient_substitution,10.0,en
can you sub half and half for heavy whipping cream,4,ingredient_substitution,10.0,en
can i use baking powder instead of baking soda,4,ingredient_substitution,9.0,en
do you think i can sub honey for sugar,4,ingredient_substitution,9.0,en
proper to substitute cumin for tumeric,4,ingredient_substitution,6.0,en
can substitute cumin for tumeric,4,ingredient_substitution,5.0,en
cumin may be substituted for tumeric,4,ingredient_substitution,6.0,en
is almond milk an acceptable substitute for milk,4,ingredient_substitution,8.0,en
can i swap coconut milk for condensed milk,4,ingredient_substitution,8.0,en
can i substitute eggs for milk in a recipe,4,ingredient_substitution,9.0,en
could i use white wine instead of red wine in a recipe,4,ingredient_substitution,12.0,en
can i substitute ketchup for mustard,4,ingredient_substitution,6.0,en
can i substitute milk for almond milk,4,ingredient_substitution,7.0,en
is it acceptable to swap milk for water,4,ingredient_substitution,8.0,en
is it acceptable to swap chicken for pork,4,ingredient_substitution,8.0,en
is it acceptable to swap marinara for alfredo,4,ingredient_substitution,8.0,en
can i substitute milk for water,4,ingredient_substitution,6.0,en
is it acceptable to swap rice for quinoa,4,ingredient_substitution,8.0,en
can i substitute butter for margarine,4,ingredient_substitution,6.0,en
is it acceptable to swap beef for tempeh,4,ingredient_substitution,8.0,en
can i substitute salt for pepper,4,ingredient_substitution,6.0,en
is it ok to use brown sugar instead of powdered sugar,4,ingredient_substitution,11.0,en
can i use margarine instead of butter,4,ingredient_substitution,7.0,en
can i switch in almond butter for peanut butter,4,ingredient_substitution,9.0,en
can i use salt instead of baking soda,4,ingredient_substitution,8.0,en
can i substitute cream for milk,4,ingredient_substitution,6.0,en
can i use baking soda instead of baking powder,4,ingredient_substitution,9.0,en
what can i use as a substitute for yeast,4,ingredient_substitution,9.0,en
substitute for milk in pancakes,4,ingredient_substitution,5.0,en
alternatives to white wine in food,4,ingredient_substitution,6.0,en
can i use something else if i don't have eggs,4,ingredient_substitution,10.0,en
can i use a green pepper instead of a red pepper,4,ingredient_substitution,11.0,en
is it possible to use sausage instead of hot dog,4,ingredient_substitution,10.0,en
is it ok to substitute spinach for lettuce,4,ingredient_substitution,8.0,en
is crushed garlic the same as powdered garlic for a spaghetti sauce,4,ingredient_substitution,12.0,en
can i use almond milk instead of rice milk,4,ingredient_substitution,9.0,en
can i swap cayenne pepper for black pepper,4,ingredient_substitution,8.0,en
can i use normal flour if i don't have bread flour,4,ingredient_substitution,11.0,en
can i use olive oil instead of butter,4,ingredient_substitution,8.0,en
can i use coconut oil instead of olive oil,4,ingredient_substitution,9.0,en
can you just use regular milk instead of buttermilk,4,ingredient_substitution,9.0,en
can i use strawberries instead of pineapples for this,4,ingredient_substitution,9.0,en
can i use sharp cheddar instead of muenster,4,ingredient_substitution,8.0,en
can i use mayonnaise instead of miracle whip,4,ingredient_substitution,8.0,en
can i substitute rice milk for milk,4,ingredient_substitution,7.0,en
can you provide me the calories in the smoothie,6,calories,9.0,en
can you tell me the calories for the cheeseburger,6,calories,9.0,en
i'd like the calories for this chicken breast,6,calories,8.0,en
how many calories in this slice of pizza,6,calories,8.0,en
what about the calories for this chicken salad,6,calories,8.0,en
how many calories are in a large fry,6,calories,8.0,en
a large french fry has how many calories,6,calories,8.0,en
what is the calorie content of a scoop of chocolate ice cream,6,calories,12.0,en
how many calories in scoop of chocolate ice cream,6,calories,9.0,en
tell me how many calories in a medium size apple,6,calories,10.0,en
how many calories does a scoop of chocolate ice cream have,6,calories,11.0,en
how many calories are in a can of coke,6,calories,9.0,en
what's the number of calories in a pepsi,6,calories,8.0,en
what is the calorie content of a small bag of lay's potato chips,6,calories,13.0,en
how many calories does a kitkat have,6,calories,7.0,en
how many calories are there in a scoop of chocolate ice cream,6,calories,12.0,en
how many calories does a scoop of chocolate ice cream contain,6,calories,11.0,en
what's the expected calories in a cream filled cookie,6,calories,9.0,en
what's the amount of calories in a cheesy omelette,6,calories,9.0,en
can you tell me the calorie count in a glazed donut,6,calories,11.0,en
what's the calorie count for tuna casserole,6,calories,7.0,en
how many calories are in waffles,6,calories,6.0,en
what's the calorie content for fried eggs,6,calories,7.0,en
what's the amount of calories in an cream filled oatmeal cookie,6,calories,11.0,en
how many calories are in chocolate cake,6,calories,7.0,en
how high in calories is pork,6,calories,6.0,en
how many calories are in a honey bun,6,calories,8.0,en
what does a sausage sandwich have for calories,6,calories,8.0,en
what's the number of calories in a coke,6,calories,8.0,en
what are the total calories for two servings of pasta,6,calories,10.0,en
how many calories should i plan to be in a donut,6,calories,11.0,en
how many calories would i estimate for fettuccine alfredo,6,calories,9.0,en
how many calories does a big mac have,6,calories,8.0,en
what's the caloric content if you eat roast beef,6,calories,9.0,en
how many calories would i consume if i ate a loaded hotdog,6,calories,12.0,en
what's the expected calorie load of a peanut butter and jelly sandwich,6,calories,12.0,en
what's a big bowl of ice cream contain in calories,6,calories,10.0,en
do cheetos have a lot of calories,6,calories,7.0,en
what's the calorie content of cheetos,6,calories,6.0,en
looks up the calories in cheetos,6,calories,6.0,en
calorie count of cheetos,6,calories,4.0,en
how many calories do cheetos have,6,calories,6.0,en
how many calories are in a cup of white rice,6,calories,10.0,en
how many calories are in vanilla ice cream,6,calories,8.0,en
one cup of almonds has how many calories,6,calories,8.0,en
what's the calorie info for 2 cups of regular chex mix,6,calories,11.0,en
what's the caloric content in a bowl of rice crispies with milk,6,calories,12.0,en
a bowl of cheerios with milk has how many calories,6,calories,10.0,en
how many calories are in a bag of regular doritos,6,calories,10.0,en
how many calories are in chocolate ice cream,6,calories,8.0,en
2 cups of grapes have how many calories,6,calories,8.0,en
how many calories are in spaghetti and meat sauce,6,calories,9.0,en
"in one cookie, how many calories would i find",6,calories,9.0,en
what is the calorie count for one cookie,6,calories,8.0,en
"if i ate a cookie, how many calories would i be ingesting",6,calories,12.0,en
cookies have how many calories,6,calories,5.0,en
how many calories are in a cookie,6,calories,7.0,en
how many calories in gum,6,calories,5.0,en
how many calories in chicken,6,calories,5.0,en
how many calories in meatloaf,6,calories,5.0,en
how many calories are in chicken breast,6,calories,7.0,en
how many calories in peanuts,6,calories,5.0,en
what is the total number of calories in a bag of potato chips,6,calories,13.0,en
can you tell me the amount of calories i can expect one tuna sandwich to contain,6,calories,16.0,en
give me expected number of calories in a breakfast burrito,6,calories,10.0,en
can you tell me the number of calories in one serving of whole cashews,6,calories,14.0,en
please tell me the total calories a single serving of chocolate ice cream is expected to contain,6,calories,17.0,en
i need to know the total calories for a chicken caesar salad,6,calories,12.0,en
please tell me how many calories one chocolate bar contains,6,calories,10.0,en
what's the average number of calories in one cup of tomato soup,6,calories,12.0,en
do you know how many calories are in a single chicken breast,6,calories,12.0,en
i need to know the number of calories on average in a handful of pistachios,6,calories,15.0,en
what is the caloric value of a cookie,6,calories,8.0,en
how many calories are in cookies,6,calories,6.0,en
can you tell me how many calories are in cookies,6,calories,10.0,en
what is the calorie count in a cookie,6,calories,8.0,en
what are the calories in a cookie,6,calories,7.0,en
what is the calorie count for muffins,6,calories,7.0,en
are there a lot of calories in muffins,6,calories,8.0,en
tell me the amount of calories in muffins,6,calories,8.0,en
what is the caloric total in these muffins,6,calories,8.0,en
what amount of calories are in one muffin,6,calories,8.0,en
look up the calories in an apple,6,calories,7.0,en
tell me the calorie content of an apple,6,calories,8.0,en
what's the caloric content of an apple,6,calories,7.0,en
tell me the calorie content for an apple,6,calories,8.0,en
i need to know the calorie content in a piece of pepperoni pizza,6,calories,13.0,en
how many calories are in an apple,6,calories,7.0,en
i want the calorie content for a banana,6,calories,8.0,en
tell me the number of calories in a banana,6,calories,9.0,en
what is the calorie look like in apples,6,calories,8.0,en
what is the calorie going to be if i'm eating cereal,6,calories,11.0,en
add up the calories in tacos,6,calories,6.0,en
how many calories are in cheerios,6,calories,6.0,en
what type of calorie numbers are in onions,6,calories,8.0,en
i need to know the calorie count of a bacon cheeseburger,6,calories,11.0,en
whats the calorie content of oatmeal,6,calories,6.0,en
what is the calorie count of an apple,6,calories,8.0,en
how many calories on average are in a hot dog,6,calories,10.0,en
how many calories are in a piece of bacon,6,calories,9.0,en
what do you put in chicken noodle casserole,3,ingredients_list,8.0,en
what goes into chicken noodle casserole,3,ingredients_list,6.0,en
what do i need to make chicken noodle casserole,3,ingredients_list,9.0,en
how do you make chicken noodle casserole,3,ingredients_list,7.0,en
chicken noodle casserole is made from what,3,ingredients_list,7.0,en
tell me what ingredients i will need to make this meal,3,ingredients_list,11.0,en
what are the ingredients of spaghetti,3,ingredients_list,6.0,en
what ingredients are present in marshmallows,3,ingredients_list,6.0,en
tell me the ingredients in pizza,3,ingredients_list,6.0,en
what ingredients are found in hunan chicken,3,ingredients_list,7.0,en
i need to know the ingredients in a hamburger,3,ingredients_list,9.0,en
show me the ingredients that i need for ceviche,3,ingredients_list,9.0,en
do you have a list of ingredients that i'll need for blondies,3,ingredients_list,12.0,en
give me a list of ingredients needed for pizza dough,3,ingredients_list,10.0,en
tell me what ingredients i need for carne asada,3,ingredients_list,9.0,en
what ingredients are required for chicken noodle soup,3,ingredients_list,8.0,en
what ingredients are in salsa,3,ingredients_list,5.0,en
what ingredients are in cheese cake,3,ingredients_list,6.0,en
what ingredients are in sugar cookies,3,ingredients_list,6.0,en
what ingredients are in spinach dip,3,ingredients_list,6.0,en
what ingredients are in coffee cakes,3,ingredients_list,6.0,en
what ingredients do i need to make egg salad,3,ingredients_list,9.0,en
what would i need if i wanted to make chicken marsala,3,ingredients_list,11.0,en
what ingredients are in antipasto salad,3,ingredients_list,6.0,en
what do i need to make chicken salad,3,ingredients_list,8.0,en
what kind of stuff is in potato salad,3,ingredients_list,8.0,en
ingredients needed to make a mexican lasagna,3,ingredients_list,7.0,en
what are all of the ingredients for brownies from scratch,3,ingredients_list,10.0,en
how can i make my own doughnuts/what ingredients,3,ingredients_list,8.0,en
what stuff would i need to make tortellini,3,ingredients_list,8.0,en
what do i need to make a cake,3,ingredients_list,8.0,en
what all is in gumbo,3,ingredients_list,5.0,en
what ingredients do i need for gumbo,3,ingredients_list,7.0,en
which ingredients does gumbo have,3,ingredients_list,5.0,en
what are the ingredients in gumbo,3,ingredients_list,6.0,en
what is gumbo made of,3,ingredients_list,5.0,en
what ingredients do i need to bake a cake,3,ingredients_list,9.0,en
i want to cook a quick breakfast what ingredients do i need,3,ingredients_list,12.0,en
what ingredients are needed for shrimp cocktail,3,ingredients_list,7.0,en
i’m making spaghetti what ingredients do i need,3,ingredients_list,8.0,en
i want to make a meat stew what ingredients do i need,3,ingredients_list,12.0,en
what goes in broccoli cheddar soup,3,ingredients_list,6.0,en
show me the recipe for broccoli cheddar soup,3,ingredients_list,8.0,en
please list ingredients for broccoli cheddar soup,3,ingredients_list,7.0,en
what ingredients do i need to make broccoli cheddar soup,3,ingredients_list,10.0,en
"i am making broccoli cheddar soup, what ingredients do i need",3,ingredients_list,11.0,en
what ingredients do i need for philly cheesesteaks,3,ingredients_list,8.0,en
what do i need to cook chicken soup,3,ingredients_list,8.0,en
what do i need to get to make lasagne,3,ingredients_list,9.0,en
what should i buy to make burritos tonight,3,ingredients_list,8.0,en
what ingredients do i need for tacos,3,ingredients_list,7.0,en
what are the ingredients to make shepherd's pie,3,ingredients_list,8.0,en
what do i need to buy to make a spaghetti,3,ingredients_list,10.0,en
what do i need to make spaghetti,3,ingredients_list,7.0,en
what is the ingredient list for an omelette,3,ingredients_list,8.0,en
what do i need if i want to make lasagna,3,ingredients_list,10.0,en
what do i need to make a cajun chili,3,ingredients_list,9.0,en
what goes into a strawberry smoothie,3,ingredients_list,6.0,en
what should i grab to make a german chocolate cake,3,ingredients_list,10.0,en
what do you put in chili,3,ingredients_list,6.0,en
what do you need to make pancakes,3,ingredients_list,7.0,en
what stuff do you dump in an omelette,3,ingredients_list,8.0,en
what do you use when you make a chef's salad,3,ingredients_list,10.0,en
what do you purchase to put in a shepherd's pie,3,ingredients_list,10.0,en
what do you put in a tibetan omelette,3,ingredients_list,8.0,en
what do you mix to make a chocolate cake,3,ingredients_list,9.0,en
what does subway use to make a cold cut combo,3,ingredients_list,10.0,en
what do you need to make general tsao's chicken,3,ingredients_list,9.0,en
what do you put in avocado dip,3,ingredients_list,7.0,en
what ingredients are in sushi,3,ingredients_list,5.0,en
what does it take to make buttermilk pancakes,3,ingredients_list,8.0,en
what do i need to buy to make pierogi,3,ingredients_list,9.0,en
what do i need to get to put into homemade tortillas,3,ingredients_list,11.0,en
what food items do you put in english breakfast,3,ingredients_list,9.0,en
what foods do i buy to put into a korean dinner,3,ingredients_list,11.0,en
what do you need to make dandelion wine properly,3,ingredients_list,9.0,en
what ingredients are in cake,3,ingredients_list,5.0,en
what ingredients are in tortillas,3,ingredients_list,5.0,en
what ingredients are in mashed potatoes,3,ingredients_list,6.0,en
what ingredients are in dough,3,ingredients_list,5.0,en
what ingredients are in chips,3,ingredients_list,5.0,en
the ingredients in pizza are what,3,ingredients_list,6.0,en
list the ingredients in pizza,3,ingredients_list,5.0,en
which ingredients are in pizza,3,ingredients_list,5.0,en
pizza has which ingredients,3,ingredients_list,4.0,en
the ingredients in pizza are which ones,3,ingredients_list,7.0,en
what ingredients do i need to make salmon salad,3,ingredients_list,9.0,en
what ingredients go in spaghetti,3,ingredients_list,5.0,en
what ingredients do i need to make pizza,3,ingredients_list,8.0,en
what ingredients do i need to make pancakes,3,ingredients_list,8.0,en
what ingredients do i need to make potato skins,3,ingredients_list,9.0,en
what ingredients go in mashed potato,3,ingredients_list,6.0,en
what ingredients go in potato skins,3,ingredients_list,6.0,en
what ingredients do i need to make spaghetti,3,ingredients_list,8.0,en
what ingredients go in a milky way,3,ingredients_list,7.0,en
what ingredients go in pizza,3,ingredients_list,5.0,en
what ingredients are necessary for a steak,3,ingredients_list,7.0,en
"in making an omelette, what ingredients do i need",3,ingredients_list,9.0,en
"in terms of making scrambled eggs, what ingredients do i need",3,ingredients_list,11.0,en
what ingredients do i need for chicken breast,3,ingredients_list,8.0,en
can you give me a french dinner suggestion,1,meal_suggestion,8.0,en
"suggest a meal from laos to me, please",1,meal_suggestion,8.0,en
can you give me a vietnamese meal suggestion,1,meal_suggestion,8.0,en
suggest a meal from burma to me,1,meal_suggestion,7.0,en
can you give me a vietnamese dinner suggestion,1,meal_suggestion,8.0,en
"suggest a meal from thailand to me, please",1,meal_suggestion,8.0,en
"can you give me a thai meal suggestion, please",1,meal_suggestion,9.0,en
"can you give me a vietnamese meal suggestion, please",1,meal_suggestion,9.0,en
"can you give me a burmese meal suggestion, please",1,meal_suggestion,9.0,en
"suggest a meal from burma to me, please",1,meal_suggestion,8.0,en
can you give me a burmese dinner suggestion,1,meal_suggestion,8.0,en
can you give me a thai meal suggestion,1,meal_suggestion,8.0,en
can you give me a thai dinner suggestion,1,meal_suggestion,8.0,en
suggest a meal from thailand to me,1,meal_suggestion,7.0,en
give me italian meal ideas,1,meal_suggestion,5.0,en
suggest an italian meal for me,1,meal_suggestion,6.0,en
can you suggest meals from italy to me,1,meal_suggestion,8.0,en
may you suggest a meal from italy to me,1,meal_suggestion,9.0,en
please suggest meals from italy to me,1,meal_suggestion,7.0,en
can you tell me a good indian dish to make,1,meal_suggestion,10.0,en
got any good dinner ideas,1,meal_suggestion,5.0,en
what's a simple chinese recipe for dinner,1,meal_suggestion,7.0,en
do you know an good pasta dishes,1,meal_suggestion,7.0,en
what can i make for dinner using ground beef,1,meal_suggestion,9.0,en
i need new dinner ideas,1,meal_suggestion,5.0,en
what can i make for dinner,1,meal_suggestion,6.0,en
do you know any greek dishes i could make for dinner,1,meal_suggestion,11.0,en
what do you think would be a good dinner,1,meal_suggestion,9.0,en
what would be good for dinner,1,meal_suggestion,6.0,en
what should i have for dinner,1,meal_suggestion,6.0,en
i'd like to get dinner suggestions for thai food,1,meal_suggestion,9.0,en
get me italian cuisine dinner suggestions,1,meal_suggestion,6.0,en
would you provide me with italian cuisine dinner suggestions,1,meal_suggestion,9.0,en
i'm needing dinner suggestions for mexican food,1,meal_suggestion,7.0,en
what's the pizza like around here,1,meal_suggestion,6.0,en
what's the best pizza place around here,1,meal_suggestion,7.0,en
how tasty is the pizza here,1,meal_suggestion,6.0,en
what would you suggest for dinner,1,meal_suggestion,6.0,en
i need dinner ideas,1,meal_suggestion,4.0,en
i need a mexican meal suggesstion,1,meal_suggestion,6.0,en
help me decide what mexican meal i want,1,meal_suggestion,8.0,en
what kind of mexican meal should i get,1,meal_suggestion,8.0,en
which mexican meal would be good,1,meal_suggestion,6.0,en
"i need to cook, what should i make",1,meal_suggestion,8.0,en
"i can't decide on dinner, what do you suggest",1,meal_suggestion,9.0,en
suggest a good mexican meal to me,1,meal_suggestion,7.0,en
do you have any suggestions for a meal from australia,1,meal_suggestion,10.0,en
i'd like you to give me an idea for a meal from iceland,1,meal_suggestion,13.0,en
can you suggest any good meals from chicago,1,meal_suggestion,8.0,en
please suggest a meal from italy to me,1,meal_suggestion,8.0,en
can you suggest to me any meals from nigeria,1,meal_suggestion,9.0,en
can you give me a meal suggestion for swedish cuisine,1,meal_suggestion,10.0,en
do you have any good recommendations for swiss cuisine,1,meal_suggestion,9.0,en
i'm looking for a good suggestion for norse cuisine,1,meal_suggestion,9.0,en
what's a good french meal,1,meal_suggestion,5.0,en
i'm looking for italian food suggestions,1,meal_suggestion,6.0,en
i want you to give me a suggestion for what to make for dinner,1,meal_suggestion,14.0,en
i want an italian meal suggestion,1,meal_suggestion,6.0,en
i need an italian meal suggestion,1,meal_suggestion,6.0,en
please give me a suggestion for what to make for dinner,1,meal_suggestion,11.0,en
i'd like an italian meal suggestion,1,meal_suggestion,6.0,en
i need you to give me a suggestion for what to make for dinner,1,meal_suggestion,14.0,en
i would love an italian meal suggestion,1,meal_suggestion,7.0,en
go ahead and give me a suggestion for what to make for dinner,1,meal_suggestion,13.0,en
i really want an italian meal suggestion,1,meal_suggestion,7.0,en
suggest food from italy to me,1,meal_suggestion,6.0,en
suggest an italian meal to me,1,meal_suggestion,6.0,en
what meal from italy do you suggest,1,meal_suggestion,7.0,en
what food from italy do you suggest,1,meal_suggestion,7.0,en
suggest a meal from italy to me,1,meal_suggestion,7.0,en
i need a suggestion for a dinner recipe,1,meal_suggestion,8.0,en
suggest a meal for me that comes from mexico,1,meal_suggestion,9.0,en
can you suggest a meal from ireland for me,1,meal_suggestion,9.0,en
suggest something for me to make myself for dinner,1,meal_suggestion,9.0,en
can you recommend for me a dish from ethiopia,1,meal_suggestion,9.0,en
what do you think i should prepare for my dinner,1,meal_suggestion,10.0,en
do you have any southern dishes to recommend,1,meal_suggestion,8.0,en
look up a recipe for dinner to suggest to me,1,meal_suggestion,10.0,en
what should i make for dinner,1,meal_suggestion,6.0,en
please suggest a british meal for me,1,meal_suggestion,7.0,en
what kind of greek food is good for dinner,1,meal_suggestion,9.0,en
what type of pizzas are available for dinner,1,meal_suggestion,8.0,en
need some good dinner ideas,1,meal_suggestion,5.0,en
"thinking about cooking dinner, what should i make",1,meal_suggestion,8.0,en
give me some options on what to cook for dinner,1,meal_suggestion,10.0,en
please provide an option for dinner,1,meal_suggestion,6.0,en
i would like to hear what ideas you have about making dinner tonight,1,meal_suggestion,13.0,en
do you have any suggestions as to what i should cook for dinner,1,meal_suggestion,13.0,en
suggest a meal from denmark to me,1,meal_suggestion,7.0,en
suggest a meal from korea to me,1,meal_suggestion,7.0,en
suggest a meal from germany to me,1,meal_suggestion,7.0,en
suggest a meal from india to me,1,meal_suggestion,7.0,en
suggest a meal from new york to me,1,meal_suggestion,8.0,en
what do you think i should make for dinner,1,meal_suggestion,9.0,en
what thoughts do you have about making dinnner tonight,1,meal_suggestion,9.0,en
let me pick your brain what do you think we should do for dinner tonight,1,meal_suggestion,15.0,en
any suggestions for a peruvian meal,1,meal_suggestion,6.0,en
what peruvian dish should i make,1,meal_suggestion,6.0,en
what should i get at a mexican restaurant,1,meal_suggestion,8.0,en
suggest a meal from peru for me,1,meal_suggestion,7.0,en
whats the best way to roast a chicken,2,recipe,8.0,en
how do i make pie crust,2,recipe,6.0,en
find a recipe for german chocolate cake,2,recipe,7.0,en
how do i fry pork chops,2,recipe,6.0,en
how do i cook boiled eggs,2,recipe,6.0,en
"find a chow mein recipe for me, please",2,recipe,8.0,en
do you know how to make chow mein,2,recipe,8.0,en
can you find a recipe on how to make chow mein,2,recipe,11.0,en
tell me how to make chow mein,2,recipe,7.0,en
i would like you to help me find a chow mein recipe,2,recipe,12.0,en
show me a beef recipe,2,recipe,5.0,en
what is a good beef recipe,2,recipe,6.0,en
i need a recipe for beef,2,recipe,6.0,en
give me a beef recipe,2,recipe,5.0,en
where is a beef recipe,2,recipe,5.0,en
you know procedure to cook apple pie,2,recipe,7.0,en
what is needed you to cook apple pie,2,recipe,8.0,en
do you know what are the ingredients to make apple pie,2,recipe,11.0,en
do you know recipe for making apple pie,2,recipe,8.0,en
how do you cook apple pie,2,recipe,6.0,en
how do i make pumpkin pie,2,recipe,6.0,en
making spaghetti sauce perfectly is done how,2,recipe,7.0,en
making ribs perfectly is done how,2,recipe,6.0,en
how do i make lemon merengue pie,2,recipe,7.0,en
how do i make lassagna,2,recipe,5.0,en
search for a macaroni and cheese recipe,2,recipe,7.0,en
can you get me a recipe for mashed potatoes,2,recipe,9.0,en
i need instructions on how to make shepherd's pie please,2,recipe,10.0,en
please help me with instructions on making chicken curry,2,recipe,9.0,en
what are the steps i need to follow to make chewy rice krispies treats,2,recipe,14.0,en
what's the best way to make chicken stir fry,2,recipe,9.0,en
how do i make tuna salad,2,recipe,6.0,en
can you give me a recipe for german chocolate cake,2,recipe,10.0,en
i need a recipe on how to make beef stew,2,recipe,10.0,en
i want a good recipe that shows me how to bake chocolate chip cookies from scratch,2,recipe,16.0,en
please search for a chocolate fudge brownies recipe,2,recipe,8.0,en
will you give me some guidance on how to make ceviche,2,recipe,11.0,en
can you search for the best new york style cheesecake recipes please,2,recipe,12.0,en
look up easy to follow recipes for beef ribs,2,recipe,9.0,en
i need the best recipe for mashed potatoes,2,recipe,8.0,en
can you find me a recipe for pie,2,recipe,8.0,en
can you find me a recipe for quiche,2,recipe,8.0,en
can you find me a recipe for pasta,2,recipe,8.0,en
can you find me a recipe for ribs,2,recipe,8.0,en
can you find me a recipe for cake,2,recipe,8.0,en
what steps are involved in making lasagna,2,recipe,7.0,en
how can i make chicken pot pie,2,recipe,7.0,en
how to make mac and cheese,2,recipe,6.0,en
how do you make pot roast,2,recipe,6.0,en
can you find a hearty lasagna recipe,2,recipe,7.0,en
find a good recipe for meatloaf,2,recipe,6.0,en
i am looking for a vegan friendly italian pasta recipe,2,recipe,10.0,en
how do you cook meatloaf,2,recipe,5.0,en
i need a vegi lasagna recipe,2,recipe,6.0,en
i need a quick recipe for spiral ham,2,recipe,8.0,en
what's the recipe for rice noodles,2,recipe,6.0,en
can you help me find a lasagna recipe,2,recipe,8.0,en
i need a recipe for chicken pot pie,2,recipe,8.0,en
help me find a recipe for a beef casserole,2,recipe,9.0,en
i need help finding a recipe for enchiladas,2,recipe,8.0,en
i need to know how to make philly cheesesteaks,2,recipe,9.0,en
i need a blackberry pie recipe,2,recipe,6.0,en
what do i need to do to make blackberry pie,2,recipe,10.0,en
blackberry pie instructions,2,recipe,3.0,en
how do you make blackberry pie,2,recipe,6.0,en
how do i bake a blackberry pie,2,recipe,7.0,en
do you have a cookbook that could teach me to make sushi,2,recipe,12.0,en
can you teach me how to make sushi,2,recipe,8.0,en
where can i look to learn to make sushi,2,recipe,9.0,en
what do you need to do to make sushi,2,recipe,9.0,en
is there a good website to teach me how to make sushi,2,recipe,12.0,en
tell me how to make beef wellington,2,recipe,7.0,en
what's a good recipe for chicken divan,2,recipe,7.0,en
find me a recipe for teriyaki chicken,2,recipe,7.0,en
find out how to make chicken tikka masala,2,recipe,8.0,en
how do i make beef stroganoff,2,recipe,6.0,en
please show me a recipe for chili,2,recipe,7.0,en
what is a good chili recipe,2,recipe,6.0,en
i need you to find me a recipe for fried shrimp,2,recipe,11.0,en
can you find me a recipe for coffee cakes,2,recipe,9.0,en
can you find me a recipe for salsa,2,recipe,8.0,en
can you find me a recipe for honey ham,2,recipe,9.0,en
can you find me a recipe for cheese cake,2,recipe,9.0,en
can you find me a recipe for sugar cookies,2,recipe,9.0,en
can you find me a recipe for carrot cake,2,recipe,9.0,en
how do you make benedict arnold,2,recipe,6.0,en
how do you create pork chili,2,recipe,6.0,en
what's the best way to make a broccoli salad,2,recipe,9.0,en
are there instructions on how to make buttermilk pancakes,2,recipe,9.0,en
what's the way to make apple pie,2,recipe,7.0,en
what's the process of making a burrito,2,recipe,7.0,en
how do i make a taco that's worth eating,2,recipe,9.0,en
how do i make that scottish dish with all the blood and sausage,2,recipe,13.0,en
is there a recipe for chili i can use,2,recipe,9.0,en
please give me instructions on making blueberry pie,2,recipe,8.0,en
can you instruct me on how to make german chocolate cake,2,recipe,11.0,en
how do i make the perfect omelette,2,recipe,7.0,en
i want to make sour dough bread please find a good recipe for me,2,recipe,14.0,en
i need a really good recipe for making doughnuts,2,recipe,9.0,en
please find me a recipe for spaghetti now,2,recipe,8.0,en
how healthy is shepard's pie,5,nutrition_info,,en
how healthy is pecan pie,5,nutrition_info,,en
how healthy is hummus,5,nutrition_info,,en
how healthy is salad,5,nutrition_info,,en
how healthy is pumpkin pie,5,nutrition_info,,en
is chocolate good for you,5,nutrition_info,,en
tell me how health chocolate is,5,nutrition_info,,en
what is the nutritional info for kraft mac 'n' cheese,5,nutrition_info,,en
is chocolate bad for you or good for you,5,nutrition_info,,en
can you tell me the nutrional info of a big mac,5,nutrition_info,,en
are french fries health or not,5,nutrition_info,,en
tell me the nutrional info of a regular banana,5,nutrition_info,,en
read me the nutrional info of a bag of lay's potato chips,5,nutrition_info,,en
pull up the nutrional info of a 12 oz coke,5,nutrition_info,,en
is chocolate healthy,5,nutrition_info,,en
tell me how many much fat is in the hamburger,5,nutrition_info,,en
what is the nutrition information for shrimp scampi,5,nutrition_info,,en
how many grams of sodium are in potato chips,5,nutrition_info,,en
is rice good for me,5,nutrition_info,,en
is raw carrot healthy to eat,5,nutrition_info,,en
is my milk safe to drink after being in the refrigerator for a week,8,food_last,,en
apple cider has been in my fridge for four months so can i still drink it,8,food_last,,en
"mayonaise has been in my fridge for three years, is it still good to eat",8,food_last,,en
is cooked chicken still good after being refrigerated for two weeks,8,food_last,,en
"i have had farm fresh eggs in the fridge for a few months, are they still okay to ingest",8,food_last,,en
how many days before milk expire,8,food_last,,en
will rice be ok in the fridge for 3 days,8,food_last,,en
is rice ok after 3 days in the refrigerator,8,food_last,,en
after 3 days in the fridge is rice safe to eat,8,food_last,,en
is rice bad after 3 days in fridge,8,food_last,,en
can i keep rice in the fridge for 3 days,8,food_last,,en
when does my milk expire,8,food_last,,en
how long does it take milk to expire,8,food_last,,en
how do i know if my milk is expired,8,food_last,,en
what is the expiration date of my milk,8,food_last,,en
how long until my milk expires,8,food_last,,en
how long can i keep pork in the freezer for before it gets freezer burnt,8,food_last,,en
how long can i keep beef in the freezer for before it gets nasty,8,food_last,,en
how long can i keep chicken in the freezer for before it goes gross,8,food_last,,en
how long can i keep bison in the freezer for before it spoils,8,food_last,,en
how long do i need to cook pot au feu for,7,cook_time,,en
how long do i need to cook chili for,7,cook_time,,en
how long do i need to cook lasagne for,7,cook_time,,en
how long do i need to cook tuna casserole for,7,cook_time,,en
how long do i need to cook beef stew for,7,cook_time,,en
how long should i cook country fried potatoes for,7,cook_time,,en
how long should i cook pho for,7,cook_time,,en
how long should i cook steak for,7,cook_time,,en
how long should i cook roast for,7,cook_time,,en
i need to know how long to cook chicken for,7,cook_time,,en
how long do i put sugar cookies in for,7,cook_time,,en
how long should i cook carnitas for,7,cook_time,,en
how long should i cook ham for,7,cook_time,,en
how long does it take to make pho,7,cook_time,,en
how long do i need to cook roast for,7,cook_time,,en
how long should i microwave hot pockets for,7,cook_time,,en
how long does it take to cook hot pockets,7,cook_time,,en
what's the recommended cooking time for steak,7,cook_time,,en
should i cook this for a long time,7,cook_time,,en
what time should i leave this in the oven,7,cook_time,,en
would it be a problem to sub chips instead of fries,4,ingredient_substitution,,en
let me know if i can use ketchup in place of the mustard,4,ingredient_substitution,,en
is it ok to use ketchup instead of mustard,4,ingredient_substitution,,en
is it normal to use mayo instead of cheese,4,ingredient_substitution,,en
can i sub ketchup for mustard,4,ingredient_substitution,,en
i wonder if it would be possible to switch from apples to grapes,4,ingredient_substitution,,en
is it allow to switch apples to grapes,4,ingredient_substitution,,en
is it okay to switch apples for grapes,4,ingredient_substitution,,en
can i modify the apples for grapes,4,ingredient_substitution,,en
would i be able to swap apples for grapes,4,ingredient_substitution,,en
i don't have butter can i use oil,4,ingredient_substitution,,en
is butter a substitute for oil,4,ingredient_substitution,,en
is butter ok to use instead of oil,4,ingredient_substitution,,en
are butter and oil interchangable,4,ingredient_substitution,,en
are you able to switch butter and oil,4,ingredient_substitution,,en
do you know if i can use pepper and not salt,4,ingredient_substitution,,en
will pepper work instead of salt,4,ingredient_substitution,,en
is pepper a replacement for salt,4,ingredient_substitution,,en
would it be ok if i have pepper and not salt,4,ingredient_substitution,,en
can i use pepper instead of salt,4,ingredient_substitution,,en
what is the calorie content of lays chips,6,calories,,en
do you know the calorie content of a strip of bacon,6,calories,,en
how many calories are found in bagels,6,calories,,en
tell me the calorie content of frosted flakes,6,calories,,en
inform me of the calorie content of vanilla ice cream,6,calories,,en
how many calories are in apples,6,calories,,en
how many calories are in oranges,6,calories,,en
how many calories are in ice cream,6,calories,,en
how many calories are in cake,6,calories,,en
how many calories are in oreos,6,calories,,en
how many calories does two bananas have,6,calories,,en
"in a fried egg, how many calories are there",6,calories,,en
pocki sticks has how many calories,6,calories,,en
what is the amount of calories that scrambled eggs has,6,calories,,en
how many calories are in a donut hole,6,calories,,en
how many calories are in a ghirardelli sea salt caramel candy,6,calories,,en
how many calories are in a bowel of wheaties,6,calories,,en
how many calories are in a serving of deans french onion dip,6,calories,,en
how many calories are in mashed potatoes,6,calories,,en
how many calories are in powdered donuts,6,calories,,en
i need a list of ingredients required to make lamb stew,3,ingredients_list,,en
please search for necessary ingredients included in meatballs,3,ingredients_list,,en
can you tell me the ingredients used in pasta sauce,3,ingredients_list,,en
do you know the ingredients used in homemade chicken soup,3,ingredients_list,,en
i need to know what ingredients are in a french baguette,3,ingredients_list,,en
find list of ingredients i would need to bake a funnel cake,3,ingredients_list,,en
what are the ingredients used in chicken curry,3,ingredients_list,,en
can you tell me what ingredients are needed for cinnamon buns,3,ingredients_list,,en
please give me a list of the ingredients contained in chocolate cupcakes,3,ingredients_list,,en
what ingredients do i need to make raisin bread,3,ingredients_list,,en
what should i get to make the jamaican patties,3,ingredients_list,,en
what do you i need to make pizza dough,3,ingredients_list,,en
what kind of ingredients go into the chicken a la king,3,ingredients_list,,en
what will i need to make lasagna,3,ingredients_list,,en
whare the ingredients for the stir fry,3,ingredients_list,,en
"for pasta primavera, what ingredients will i use",3,ingredients_list,,en
what ingredients do i need for shrimp scampi,3,ingredients_list,,en
i need what ingredients for meatloaf,3,ingredients_list,,en
i'll use what ingredients for lasagna,3,ingredients_list,,en
"for peppercorn steak, what ingredients do i need",3,ingredients_list,,en
can you give me a chinese meal suggestion,1,meal_suggestion,,en
i would like you to suggest a chinese dish,1,meal_suggestion,,en
please suggest a chinese meal,1,meal_suggestion,,en
i would like you to give me a suggestion for a mexican meal,1,meal_suggestion,,en
can you suggest a mexican dish,1,meal_suggestion,,en
i need some good suggestions for peruvian cuisine,1,meal_suggestion,,en
help me find some new dinner recipes,1,meal_suggestion,,en
what would you say is a good german dinner idea,1,meal_suggestion,,en
i need an italian dinner idea,1,meal_suggestion,,en
any recommendations for a greek dinner,1,meal_suggestion,,en
what would you say is the best meal to have for dinner,1,meal_suggestion,,en
i am bored and need new dinner recommendations,1,meal_suggestion,,en
i need an idea for a french dinner,1,meal_suggestion,,en
whats a good chinese dinner suggestion,1,meal_suggestion,,en
what would you suggest having for dinner,1,meal_suggestion,,en
i need to quick dinner suggestions,1,meal_suggestion,,en
what kind of meal should i eat from thailand,1,meal_suggestion,,en
suggest a meal from thailand please,1,meal_suggestion,,en
suggestions for thai food,1,meal_suggestion,,en
give recommendations for thai food,1,meal_suggestion,,en
i would like to learn to make cookies,2,recipe,,en
show me popular sushi recipes,2,recipe,,en
i need a pancake recipe,2,recipe,,en
find instructions on baking lemon cake,2,recipe,,en
can you give me instructions on how to make alfredo,2,recipe,,en
how do i make shrimp,2,recipe,,en
what is a good recipe for steak,2,recipe,,en
find a recipe for hamburgers,2,recipe,,en
pull up ramen recipes please,2,recipe,,en
how do you make dumplings,2,recipe,,en
how do you make blue cheese dressing,2,recipe,,en
i need a recipe for chicken cordon bleu,2,recipe,,en
recipe for traditional roast beef and gravy,2,recipe,,en
i want to make pork barbque but do no know how,2,recipe,,en
give me a good recipe for chicken parmesan,2,recipe,,en
do you have any good ways to make tomato soup,2,recipe,,en
how do i make chicken alfredo,2,recipe,,en
recipe for beef stroganoff,2,recipe,,en
i need to find a good way to make chicken soup,2,recipe,,en
tell me how to make ramen,2,recipe,,en
¿Cuál es la información nutricional de los espaguetis?,5,nutrition_info,6.0,es
¿Cuál es la información nutricional de la pizza?,5,nutrition_info,6.0,es
¿Qué tan saludables son las pieles de papa?,5,nutrition_info,5.0,es
¿Qué tan saludables son los espaguetis?,5,nutrition_info,4.0,es
comparte conmigo la información nutricional de los brownies,5,nutrition_info,8.0,es
comparte conmigo la información nutricional de las papas fritas,5,nutrition_info,9.0,es
¿Cuál es la información nutricional de la piel de papa?,5,nutrition_info,7.0,es
¿Cuál es la información nutricional de lasaña?,5,nutrition_info,6.0,es
que tan saludables son las papas fritas,5,nutrition_info,5.0,es
comparte conmigo la información nutricional de los espaguetis,5,nutrition_info,8.0,es
comparte conmigo la información nutricional del pastel,5,nutrition_info,8.0,es
cual es la información nutricional de las papas fritas,5,nutrition_info,7.0,es
¿Qué tan saludable es la sopa de tomate?,5,nutrition_info,5.0,es
comparte conmigo la información nutricional de la pizza,5,nutrition_info,8.0,es
¿Cuál sabes que es la información nutricional de los futuros macarrones con queso?,5,nutrition_info,15.0,es
la información nutricional de los macarrones con queso es lo que,5,nutrition_info,9.0,es
¿Puedes leerme la información nutricional de los macarrones con queso?,5,nutrition_info,12.0,es
¿Conoces la información nutricional de los macarrones con queso?,5,nutrition_info,10.0,es
¿Puedes recordar la información nutricional de los macarrones con queso?,5,nutrition_info,10.0,es
¿Es saludable comer pizza?,5,nutrition_info,6.0,es
¿La pizza es saludable?,5,nutrition_info,3.0,es
¿Qué tan saludable es la pizza?,5,nutrition_info,4.0,es
¿Podría la pizza ser saludable?,5,nutrition_info,4.0,es
¿La pizza se considera saludable?,5,nutrition_info,4.0,es
Me gustaría saber el contenido nutricional del huevo por favor.,5,nutrition_info,10.0,es
¿Cuál es el contenido nutricional de los nuggets de pollo?,5,nutrition_info,7.0,es
dame la información nutricional de la pechuga de pollo,5,nutrition_info,8.0,es
¿Cuál es la información nutricional del bistec?,5,nutrition_info,6.0,es
¿Puedes decirme el contenido nutricional de los nuggets de pollo?,5,nutrition_info,10.0,es
¿Cuál es la información nutricional de la lechuga iceberg?,5,nutrition_info,7.0,es
¿Qué tipo de contenido nutricional tienen las zanahorias?,5,nutrition_info,8.0,es
información nutricional del apio,5,nutrition_info,4.0,es
¿Cuáles son los datos nutricionales de los gofres?,5,nutrition_info,7.0,es
¿Puedes decirme la información nutricional de la salchicha de cerdo?,5,nutrition_info,10.0,es
¿Cuál es la información nutricional de una manzana?,5,nutrition_info,7.0,es
¿Cuál es la información nutricional de la pechuga de pollo?,5,nutrition_info,7.0,es
¿Cuál es la información nutricional de un plátano?,5,nutrition_info,7.0,es
¿Cuál es la información nutricional de una hamburguesa con queso?,5,nutrition_info,7.0,es
¿Cuál es la información nutricional de una barra de pan?,5,nutrition_info,9.0,es
nutrición del puré de papa,5,nutrition_info,3.0,es
información nutricional del puré de patatas,5,nutrition_info,5.0,es
¿Cuáles son los datos nutricionales del puré de patatas?,5,nutrition_info,8.0,es
¿El puré de patatas es una buena nutrición?,5,nutrition_info,5.0,es
dame la información nutricional del puré de papa,5,nutrition_info,8.0,es
¿Qué tan saludables son las manzanas?,5,nutrition_info,4.0,es
quiero saber si la pizza es saludable,5,nutrition_info,8.0,es
¿Puedes decirme qué tan saludables son las manzanas?,5,nutrition_info,8.0,es
¿Son saludables los platos de pasta?,5,nutrition_info,4.0,es
¿Conoces la información nutricional de las uvas?,5,nutrition_info,8.0,es
Debo saber la información nutricional de las uvas.,5,nutrition_info,8.0,es
¿Qué tipo de datos nutricionales tienen las uvas?,5,nutrition_info,7.0,es
dime la nutrición de las uvas,5,nutrition_info,6.0,es
¿Puedes mostrarme la información nutricional de las uvas?,5,nutrition_info,9.0,es
Quiero saber la información nutricional de los nuggets de pollo.,5,nutrition_info,10.0,es
dime la información nutricional de los nuggets de pollo,5,nutrition_info,8.0,es
"información nutricional para nuggets de pollo, por favor",5,nutrition_info,6.0,es
¿Puedes decirme la información nutricional de los nuggets de pollo?,5,nutrition_info,10.0,es
Me gustaría que compartieras conmigo la información nutricional de los nuggets de pollo.,5,nutrition_info,14.0,es
Quiero saber qué tan nutritivo suele ser un aguacate.,5,nutrition_info,10.0,es
¿Puedes darme información nutricional de las naranjas?,5,nutrition_info,8.0,es
¿Puedes decirme cuántas calorías tiene una manzana?,5,nutrition_info,11.0,es
Me gustaría saber cuánta grasa hay en una cucharada de aceite de oliva.,5,nutrition_info,14.0,es
¿Puedes dar la información nutricional de la pasta?,5,nutrition_info,9.0,es
dejame ver el contenido nutricional de los tacos de pollo,5,nutrition_info,10.0,es
necesito ver la información nutricional de la ensalada de pollo,5,nutrition_info,9.0,es
Necesito saber todo sobre la nutrición del taco de res.,5,nutrition_info,12.0,es
quiero ver el contenido nutricional de la hamburguesa,5,nutrition_info,10.0,es
¿Qué tipo de nutrientes tiene un bistec?,5,nutrition_info,8.0,es
¿Cuáles son los hechos sobre los nutrientes en la leche de arroz?,5,nutrition_info,8.0,es
¿Qué tipo de nutrición tienen los espaguetis?,5,nutrition_info,7.0,es
cuantos tipos de nutrientes tiene un vaso de leche de arroz,5,nutrition_info,12.0,es
¿Puedes darme información sobre la información nutricional del apio?,5,nutrition_info,11.0,es
¿Cuáles son los nutrientes que contiene un plato de espaguetis?,5,nutrition_info,10.0,es
¿Cuál es la información nutricional de una dona?,5,nutrition_info,7.0,es
¿Cuál es la información nutricional de una barra de ganola?,5,nutrition_info,8.0,es
¿Puedes hablarme sobre los nutrientes de la gelatina?,5,nutrition_info,9.0,es
cuantos nutrientes hay en un plato de cereal,5,nutrition_info,10.0,es
Necesito saber qué tan saludable es el pastel de carne,5,nutrition_info,8.0,es
¿Cuáles son los datos nutricionales del pollo a la parrilla?,5,nutrition_info,8.0,es
¿Cuáles son los datos nutricionales de los macarrones con queso?,5,nutrition_info,9.0,es
"Por favor, infórmeme sobre la información nutricional de las gambas al ajillo.",5,nutrition_info,11.0,es
¿Los espaguetis son saludables?,5,nutrition_info,3.0,es
dime qué tan saludables son los macarrones con queso,5,nutrition_info,8.0,es
por favor dame la información nutricional del pollo a la parmesana,5,nutrition_info,9.0,es
¿Qué tan saludable es el pollo a la parrilla?,5,nutrition_info,5.0,es
quiero saber la información nutricional de la pizza,5,nutrition_info,9.0,es
¿Tienes información nutricional de Cheerios?,5,nutrition_info,7.0,es
¿Dónde está la información nutricional de los Cheerios?,5,nutrition_info,7.0,es
que nutritivos son los cheerios,5,nutrition_info,4.0,es
¿Dónde en la caja de Cheerios está la información nutricional?,5,nutrition_info,9.0,es
¿La caja tiene información nutricional de Cheerios?,5,nutrition_info,10.0,es
¿Cuáles son los datos nutricionales de un mcdoble en mcdonalds?,5,nutrition_info,10.0,es
¿Qué tan saludables son los almuerzos?,5,nutrition_info,4.0,es
¿Cuáles son los datos nutricionales de una palomita mediana en el cine?,5,nutrition_info,12.0,es
¿Cuál es la información nutricional de un sándwich de pollo tipo metro?,5,nutrition_info,9.0,es
¿Cuáles son los datos nutricionales de una hamburguesa con queso de rodeo en Burger King?,5,nutrition_info,13.0,es
¿Qué tan saludable es el pho?,5,nutrition_info,4.0,es
¿Cuál es el valor nutricional de una pizza para el almuerzo?,5,nutrition_info,8.0,es
¿Qué tan saludables son los chips Stax?,5,nutrition_info,5.0,es
¿Cuál es la información nutricional de una taza de sopa de fideos?,5,nutrition_info,10.0,es
La gelatina debe permanecer en el refrigerador por cuánto tiempo.,8,food_last,9.0,es
cuando mi leche no estará buena,8,food_last,7.0,es
¿cuándo se echarán a perder mis óvulos?,8,food_last,6.0,es
¿Por cuánto tiempo estarán buenos mis óvulos?,8,food_last,8.0,es
¿En qué fecha vence mi jugo de manzana?,8,food_last,7.0,es
¿Cuánto tiempo hasta que mi cereal se arruine?,8,food_last,7.0,es
¿Cuál es el tiempo máximo que puedo dejar un pimiento verde en el frigorífico?,8,food_last,13.0,es
¿Cuál es el plazo para que una hamburguesa almacenada en el congelador se eche a perder?,8,food_last,13.0,es
¿Cuánto tiempo puedo mantener la carne de venado en el congelador antes de que no sea comestible?,8,food_last,13.0,es
¿Se ha echado a perder la hamburguesa que sobró del sábado pasado?,8,food_last,9.0,es
¿Existe un límite de tiempo que se puede almacenar el pan en el congelador?,8,food_last,14.0,es
"He tenido huevos en el frigorífico desde el lunes, ¿todavía son seguros?",8,food_last,12.0,es
¿Cuánto tiempo se puede mantener el pollo congelado antes de que se eche a perder?,8,food_last,13.0,es
¿El tofu que puse en el frigorífico el martes todavía es comestible hoy?,8,food_last,12.0,es
¿Cuánto tiempo se conserva el requesón en el frigorífico?,8,food_last,9.0,es
¿Cuál es la vida útil del guacamole en el refrigerador?,8,food_last,9.0,es
¿Cuánto tiempo tarda en descongelarse la masa en el congelador?,8,food_last,13.0,es
¿Me enfermaré si como la ensalada de atún del viernes?,8,food_last,12.0,es
Puse un poco de guiso sobrante en el frigorífico y quiero saber cuánto durará.,8,food_last,16.0,es
¿Cuánto tiempo puedo dejar la cazuela de atún en el frigorífico?,8,food_last,10.0,es
¿Aún es seguro consumir el pastel que ella respaldó el jueves pasado?,8,food_last,12.0,es
¿Puedo comer con seguridad pollo que tengo en mi refrigerador desde el lunes?,8,food_last,13.0,es
¿Puedo comer pollo si ha estado en el frigorífico desde el lunes?,8,food_last,12.0,es
¿Es seguro comer pollo que ha estado en el frigorífico desde el lunes?,8,food_last,14.0,es
¿Se habrá echado a perder el pollo si lleva en el frigorífico desde el lunes?,8,food_last,14.0,es
¿Está bien comer pollo que puse en el frigorífico el lunes?,8,food_last,14.0,es
¿Qué tan pronto hasta que caduque la leche?,8,food_last,6.0,es
la leche caducará cuando,8,food_last,5.0,es
dime cuando caducará la leche,8,food_last,7.0,es
cual es la fecha de caducidad de la leche,8,food_last,8.0,es
¿Me parece bien beber la leche que tengo en la nevera desde el martes?,8,food_last,17.0,es
¿Cuál es la vida útil de la carne en el congelador?,8,food_last,10.0,es
¿Puedo comer los huevos que tengo en el frigorífico desde el 21/02?,8,food_last,12.0,es
cuanto tiempo puedo conservar un jamon en el congelador,8,food_last,10.0,es
¿Cuánto tiempo durará el pollo en el congelador?,8,food_last,8.0,es
¿Puedo beber leche que tengo guardada en el frigorífico desde el miércoles?,8,food_last,11.0,es
¿Cuánto tiempo durarán los filetes en el congelador?,8,food_last,8.0,es
¿Cuál es la vida útil de los huevos en el frigorífico?,8,food_last,9.0,es
¿Cuánto tiempo puedo guardar los huevos en el frigorífico?,8,food_last,9.0,es
¿Estará bien que me coma el pavo que me sobró del lunes y que está en mi refrigerador?,8,food_last,18.0,es
¿Cuánto tiempo puedo conservar el pescado en el congelador antes de que se arruine?,8,food_last,13.0,es
¿Cuánto tiempo estará buena mi leche en el refrigerador?,8,food_last,10.0,es
¿Cuánto tiempo duran los huevos en el frigorífico?,8,food_last,8.0,es
"He tenido huevos en el refrigerador desde el lunes, ¿son seguros para comer?",8,food_last,12.0,es
¿Todavía está bueno el pastel de carne? Lo tengo en el frigorífico desde el lunes pasado.,8,food_last,16.0,es
las manzanas caducan en cuanto tiempo,8,food_last,5.0,es
Los pepinos cortados pueden permanecer en el frigorífico durante cuánto tiempo antes de estropearse.,8,food_last,12.0,es
Las costillas pueden permanecer en el refrigerador durante cuánto tiempo antes de que se den la vuelta.,8,food_last,12.0,es
cuando caducan las costillas,8,food_last,4.0,es
los bananos caducan en cuanto tiempo,8,food_last,5.0,es
cuanto tardan los tomates en caducar,8,food_last,8.0,es
¿Cuánto tiempo puedo conservar los aguacates en el frigorífico antes de que se echen a perder?,8,food_last,13.0,es
¿Cuánto tiempo puedo conservar los macarrones en el frigorífico antes de que se echen a perder?,8,food_last,12.0,es
las naranjas caducan en cuanto tiempo,8,food_last,5.0,es
las zanahorias cortadas pueden permanecer en el refrigerador durante cuánto tiempo antes de estropearse,8,food_last,13.0,es
Quiero saber cuánto tiempo puedo conservar la pizza en el congelador antes de que se eche a perder.,8,food_last,17.0,es
¿Cuánto tiempo puedo mantener la pizza en el congelador antes de que se eche a perder?,8,food_last,14.0,es
"Parece ser que tengo pizza en el refrigerador desde el lunes, ¿es seguro comerla?",8,food_last,20.0,es
¿Cuánto tiempo puede estar la pizza en el frigorífico?,8,food_last,8.0,es
¿Cuánto tiempo puede durar la pizza en el frigorífico?,8,food_last,9.0,es
"Resulta que tengo pizza en el refrigerador desde el lunes, entonces, ¿es seguro comerla?",8,food_last,18.0,es
Tengo que saber cuánto tiempo puedo mantener la pizza en el congelador antes de que se eche a perder.,8,food_last,18.0,es
"Parece que tengo pizza en el refrigerador desde el lunes, ¿es seguro comerla?",8,food_last,18.0,es
cuanto tiempo puedo dejar la pizza en el frigorífico,8,food_last,9.0,es
dime cuanto tiempo puedo conservar la pizza en el congelador antes de que se eche a perder,8,food_last,16.0,es
¿Cuánto tiempo puedo tener pizza en el refrigerador?,8,food_last,9.0,es
"He tenido pizza en el refrigerador desde el lunes, ¿es seguro comerla?",8,food_last,15.0,es
"He tenido pizza en el refrigerador desde el lunes, ¿es seguro comerla?",8,food_last,16.0,es
Necesito saber cuánto tiempo puedo conservar la pizza en el congelador antes de que se eche a perder.,8,food_last,18.0,es
¿Cuánto tiempo puedo poner la pizza en el frigorífico?,8,food_last,9.0,es
¿Cuánto tiempo puedo dejar la carne de cerdo en el frigorífico?,8,food_last,13.0,es
¿Cuánto tiempo hasta que la carne de cerdo se eche a perder en el refrigerador?,8,food_last,8.0,es
¿Cuánto tiempo se conserva la carne de cerdo en el frigorífico?,8,food_last,8.0,es
¿Existe un límite de tiempo para dejar la carne de cerdo en el frigorífico?,8,food_last,11.0,es
¿Cuándo se echa a perder la carne de cerdo en el frigorífico?,8,food_last,8.0,es
cuando caduca la leche,8,food_last,4.0,es
¿Cuánto tiempo tardan los filetes congelados en echarse a perder?,8,food_last,10.0,es
cuanto tiempo dura el pan en el congelador,8,food_last,8.0,es
cuanto dura el pan,8,food_last,5.0,es
¿Cuánto tiempo puedo esperar que la pechuga de pollo esté buena antes de que caduque?,8,food_last,13.0,es
¿Cuánto tiempo se conservarán los huevos en el congelador?,8,food_last,8.0,es
¿Cuánto tiempo tengo antes de que el pollo congelado se eche a perder?,8,food_last,11.0,es
¿Por cuánto tiempo son buenos los huevos?,8,food_last,6.0,es
¿Cuánto tiempo puedo esperar mantener el bistec en el congelador?,8,food_last,11.0,es
cual es la caducidad del bistec,8,food_last,5.0,es
¿Está bien comer Alfredo que ha estado en el frigorífico desde el domingo pasado?,8,food_last,14.0,es
"Mi comida china ha estado en el refrigerador desde el viernes, pero ¿todavía puedo comerla?",8,food_last,16.0,es
¿Cuánto tiempo es seguro dejar una hamburguesa en el frigorífico?,8,food_last,12.0,es
¿Cuál es la vida útil del refrigerador de los espaguetis?,8,food_last,7.0,es
Comprueba si está bien comer queso que ha estado en el frigorífico desde el pasado martes.,8,food_last,17.0,es
Dame el tiempo que puedo dejar la leche en mi nevera.,8,food_last,14.0,es
¿Cuánto tiempo es seguro dejar los camarones en el frigorífico?,8,food_last,11.0,es
"Tengo pasta en el frigorífico desde el lunes, la puedo hasta consumirla.",8,food_last,14.0,es
¿Puedo comerme esta hamburguesa del refrigerador que compré hace dos lunes?,8,food_last,16.0,es
¿Cuándo se echa a perder la lechuga en el frigorífico?,8,food_last,8.0,es
"Tengo algunas patatas fritas del lunes, ¿todavía estarán bien para comer?",8,food_last,13.0,es
"Tengo patatas en el armario desde el miércoles, ¿están bien?",8,food_last,11.0,es
"Tengo tomates del martes, ¿crees que todavía están buenos?",8,food_last,12.0,es
"He tenido estas hamburguesas en el congelador desde el sábado, ¿todavía están bien para cocinar?",8,food_last,16.0,es
"Si tengo ajo del domingo, ¿todavía está bien usarlo?",8,food_last,12.0,es
¿Cuánto tiempo tardará en cocinarse el pavo?,7,cook_time,8.0,es
¿Cuánto tiempo crees que tardará el pollo?,7,cook_time,10.0,es
¿cuanto tiempo tarda en cocinarse la pizza?,7,cook_time,7.0,es
¿Cuánto tiempo tardará el pollo?,7,cook_time,7.0,es
¿Cuánto tiempo tardará en cocinarse el pollo?,7,cook_time,8.0,es
¿Cuánto tiempo se tarda en cocinar la carne asada?,7,cook_time,9.0,es
cuanto tiempo se tarda en hervir un huevo,7,cook_time,9.0,es
cuanto tiempo se tarda en hornear un lomo de cerdo,7,cook_time,10.0,es
cuanto tiempo se tarda en hacer pollo asado,7,cook_time,9.0,es
cuanto tiempo se tarda en cocinar una chuleta de cerdo,7,cook_time,10.0,es
cuanto tiempo necesito para hacer el pollo,7,cook_time,10.0,es
¿Cuál es el tiempo de preparación y cocción de la masa de pizza?,7,cook_time,9.0,es
cuanto tiempo se tarda en hacer lasaña,7,cook_time,8.0,es
¿Cuánto tiempo tomará hacer las alas?,7,cook_time,9.0,es
¿Cuál es el tiempo de cocción del pastel?,7,cook_time,7.0,es
el bistec debe estar debajo del asador por cuánto tiempo,7,cook_time,10.0,es
cuanto tiempo pongo la cazuela,7,cook_time,8.0,es
Si cocino la pizza a 400 grados ¿cuánto tiempo debe estar a fuego lento?,7,cook_time,15.0,es
¿Cuánto tiempo necesitas poner el cuish?,7,cook_time,11.0,es
la salsa debe hervir a fuego lento y luego ir al horno pero ¿por cuánto tiempo?,7,cook_time,13.0,es
necesito el tiempo de cocción para un pavo,7,cook_time,8.0,es
¿Cuántos minutos cocino ziti al horno?,7,cook_time,8.0,es
cuanto tiempo se tarda en cocinar el jamon,7,cook_time,8.0,es
Necesito saber cuánto tiempo se debe hacer un asado en una olla de cocción lenta.,7,cook_time,15.0,es
cuanto tiempo dura un asado,7,cook_time,6.0,es
¿Cuánto tiempo es aceptable caramelizar las cebollas?,7,cook_time,8.0,es
¿Cuándo debo sacar una tarta de manzana?,7,cook_time,8.0,es
¿Cuánto tiempo cocinas un salmón?,7,cook_time,7.0,es
cuanto tiempo se tarda en hervir un huevo,7,cook_time,10.0,es
cuanto tiempo deben estar las galletas en el horno,7,cook_time,12.0,es
aproximadamente ¿cuánto tiempo debes cocinar lasaña?,7,cook_time,7.0,es
¿Cuál es el tiempo de preparación para un pavo de 10 libras?,7,cook_time,10.0,es
cuantos minutos para derretir el queso,7,cook_time,6.0,es
¿Cuánto tiempo para recalentar la comida china?,7,cook_time,6.0,es
¿Cuánto tiempo cocinas la pasta?,7,cook_time,7.0,es
¿Cuánto tiempo se debe cocinar un pavo de 10 libras?,7,cook_time,10.0,es
¿Cuánto tiempo se tarda en preparar el asado?,7,cook_time,9.0,es
¿Cuánto tiempo para calentar una pizza en el microondas?,7,cook_time,6.0,es
¿Cuánto tiempo debo cocinar un jamón glaseado?,7,cook_time,8.0,es
¿Cuánto tiempo debo cocinar un jamón en espiral?,7,cook_time,8.0,es
¿Cuánto tiempo tienen que cocinarse los brownies?,7,cook_time,8.0,es
¿Cuánto tiempo horneo los brownies?,7,cook_time,7.0,es
¿Cuánto tiempo debo hornear los brownies?,7,cook_time,8.0,es
¿Por cuánto tiempo debo hornear los brownies?,7,cook_time,8.0,es
cuanto tiempo deben estar los brownies en el horno,7,cook_time,11.0,es
cuanto tiempo debe estar este plato en el horno,7,cook_time,11.0,es
¿Cuánto tiempo necesita cocinarse?,7,cook_time,8.0,es
¿Para qué configuro el cronómetro si estoy haciendo gyoza?,7,cook_time,11.0,es
¿Qué debo poner en el cronómetro para cocinar este plato?,7,cook_time,11.0,es
¿Cuánto tiempo cocino este plato de arroz?,7,cook_time,9.0,es
¿Cuánto tiempo debe hornearse un pastel?,7,cook_time,6.0,es
¿Cuánto tiempo para calentar una cena congelada en el microondas?,7,cook_time,7.0,es
¿Cuál es el tiempo de preparación de los espaguetis?,7,cook_time,6.0,es
¿Cuánto tiempo debe estar en el horno?,7,cook_time,8.0,es
cuanto tiempo cocinar una pizza congelada,7,cook_time,7.0,es
"Quiero hornear brownies, ¿cuánto tiempo se hornean?",7,cook_time,11.0,es
¿Cuánto tiempo horneas un pastel?,7,cook_time,7.0,es
¿Cuánto tiempo se tarda en hacer gambas al ajillo?,7,cook_time,9.0,es
por cuanto tiempo cocinar el bistec,7,cook_time,6.0,es
¿Cuánto tiempo cocinas una hamburguesa?,7,cook_time,8.0,es
¿Cuánto tiempo debo esperar para que se prepare el stroganoff de carne?,7,cook_time,9.0,es
¿Cuánto tiempo cocino el bistec?,7,cook_time,6.0,es
¿Cuál es el tiempo de cocción del pollo Alfredo?,7,cook_time,7.0,es
¿Cuánto tiempo se tarda en cocinar la carne de cerdo?,7,cook_time,8.0,es
¿Cuánto tiempo necesito para preparar el pollo?,7,cook_time,9.0,es
los fideos necesitan cocinarse por cuánto tiempo,7,cook_time,7.0,es
¿Cuánto tiempo debo hervir los fideos?,7,cook_time,7.0,es
¿Cuánto tiempo necesitan cocinarse los fideos?,7,cook_time,7.0,es
¿A qué hora debo cocinar los fideos?,7,cook_time,7.0,es
¿Cuánto tiempo necesito para hacer lasaña?,7,cook_time,8.0,es
¿Cuánto tiempo me llevará hacer pollo al horno?,7,cook_time,10.0,es
¿Cuánto tiempo llevará preparar el pastel de carne?,7,cook_time,9.0,es
¿Cuánto tiempo tardan en hacerse las hamburguesas con queso?,7,cook_time,7.0,es
¿Cuánto tiempo debo cocinar el jamón?,7,cook_time,8.0,es
¿Cuánto tiempo debo cocinar los huevos?,7,cook_time,8.0,es
¿Cuánto tiempo debo cocinar los espárragos?,7,cook_time,8.0,es
¿Cuánto tiempo debo cocinar la pasta?,7,cook_time,8.0,es
¿Cuánto tiempo debo cocinar el bistec?,7,cook_time,8.0,es
¿Cuál es la cantidad de tiempo necesaria para preparar el asado?,7,cook_time,12.0,es
¿Cuánto tiempo se supone que debo cocinar el lomo de cerdo?,7,cook_time,9.0,es
¿Cuánto tiempo debo cocinar los espaguetis?,7,cook_time,7.0,es
Dime cuánto tiempo tendré que dedicar a preparar un plato de pastel de carne.,7,cook_time,14.0,es
Necesito saber el tiempo de preparación del pollo frito.,7,cook_time,11.0,es
¿Cuánto tiempo debo dedicar a preparar rosbif?,7,cook_time,8.0,es
¿Cuánto tiempo necesito para cocinar la langosta?,7,cook_time,11.0,es
¿Cuál es el momento adecuado para cocinar el bistec?,7,cook_time,9.0,es
¿Cuánto tiempo debo cocinar el pollo?,7,cook_time,6.0,es
dime cuanto tiempo debo dedicar a preparar fajitas,7,cook_time,10.0,es
¿Cuánto tiempo debo cocinar los muslos de pollo?,7,cook_time,7.0,es
¿Cuánto tiempo debo cocinar un filete?,7,cook_time,8.0,es
¿Cuánto tiempo cocino la carne de cerdo?,7,cook_time,6.0,es
¿Cuánto tiempo cocino el pollo asado?,7,cook_time,8.0,es
¿Cuánto tiempo cocino pechuga de pollo?,7,cook_time,7.0,es
¿Cuánto tiempo se tarda en hacer una tortilla decente?,7,cook_time,10.0,es
¿Cuánto tiempo debo freír un huevo?,7,cook_time,8.0,es
¿Cuál es el tiempo de preparación para una ensalada de la huerta?,7,cook_time,8.0,es
¿Cuál es el horario habitual para la cazuela de atún?,7,cook_time,7.0,es
¿Cuánto tiempo necesitas hornear el pollo para que sea seguro comerlo?,7,cook_time,15.0,es
¿Cuánto tiempo debo cocinar un bistec?,7,cook_time,8.0,es
¿Cuánto tiempo debo esperar antes de poder hornear pan con masa casera?,7,cook_time,13.0,es
¿Qué tal cambiar el azúcar por bicarbonato de sodio?,4,ingredient_substitution,8.0,es
¿Puedo cambiar el azúcar por sal?,4,ingredient_substitution,6.0,es
¿Sería posible sustituir la sal por bicarbonato de sodio?,4,ingredient_substitution,11.0,es
en lugar de pimienta puedo usar sal,4,ingredient_substitution,7.0,es
¿Puedo quitar el aceite de oliva y usar manteca de cerdo?,4,ingredient_substitution,10.0,es
¿Puedo usar agua en lugar de leche?,4,ingredient_substitution,7.0,es
está bien usar agua en lugar de leche,4,ingredient_substitution,10.0,es
está bien reemplazar el agua en lugar de la leche,4,ingredient_substitution,9.0,es
¿Está bien cambiar agua por leche?,4,ingredient_substitution,8.0,es
¿Estará bien si uso agua en lugar de leche?,4,ingredient_substitution,11.0,es
¿Puedo sustituir el ajo por jengibre?,4,ingredient_substitution,6.0,es
¿Puedo sustituir el arroz por patatas?,4,ingredient_substitution,6.0,es
¿Puedo sustituir la albahaca por orégano?,4,ingredient_substitution,6.0,es
¿Puedo sustituir el tocino por salchicha?,4,ingredient_substitution,6.0,es
¿Puedo sustituir el azúcar por miel?,4,ingredient_substitution,6.0,es
¿Puedo cambiar la nata por la leche en una receta?,4,ingredient_substitution,9.0,es
¿Puedo cambiar leche por nata en recetas?,4,ingredient_substitution,8.0,es
¿Es la leche un buen sustituto de la nata?,4,ingredient_substitution,7.0,es
¿Puedo usar leche en lugar de crema?,4,ingredient_substitution,7.0,es
¿Puedo cambiar la nata por leche?,4,ingredient_substitution,7.0,es
¿Puedo sustituir la leche descremada por leche entera?,4,ingredient_substitution,8.0,es
¿Está bien sustituir la albahaca por orégano?,4,ingredient_substitution,8.0,es
¿Puedo usar queso colby jack en lugar de cheddar en una receta?,4,ingredient_substitution,12.0,es
¿Puedo usar azúcar moreno oscuro en lugar de azúcar moreno?,4,ingredient_substitution,10.0,es
¿Puedo sustituir el jugo de limón por vinagre?,4,ingredient_substitution,7.0,es
¿Puedo usar jugo de manzana en lugar de jugo de uva?,4,ingredient_substitution,9.0,es
¿Puedo sustituir el vino por jugo de manzana?,4,ingredient_substitution,7.0,es
¿Puedo sustituir el vinagre de manzana por vinagre?,4,ingredient_substitution,8.0,es
¿Puedo sustituir el jugo de limón por jugo de lima?,4,ingredient_substitution,8.0,es
¿Puedo usar crema agria en lugar de yogur?,4,ingredient_substitution,8.0,es
¿Es posible sustituir el vinagre de manzana por limones?,4,ingredient_substitution,10.0,es
necesito saber si puedo sustituir la salsa de manzana por huevo,4,ingredient_substitution,12.0,es
¿Es la miel un buen sustituto del azúcar?,4,ingredient_substitution,6.0,es
¿Puedo usar aceite de oliva en lugar de aceite de semilla de uva?,4,ingredient_substitution,10.0,es
¿Puedo usar harina como sustituto del pan rallado?,4,ingredient_substitution,10.0,es
Necesito cambiar la sal por bicarbonato de sodio.,4,ingredient_substitution,8.0,es
quiero cambiar la sal por bicarbonato de sodio,4,ingredient_substitution,7.0,es
necesito sustituir el azúcar por sal,4,ingredient_substitution,7.0,es
¿Puedo sustituir el azúcar por sal?,4,ingredient_substitution,6.0,es
¿Está bien sustituir el azúcar por sal?,4,ingredient_substitution,8.0,es
déjame cambiar la sal por bicarbonato de sodio,4,ingredient_substitution,7.0,es
por favor permítanme cambiar la sal por bicarbonato de sodio,4,ingredient_substitution,9.0,es
¿Es aceptable cambiar la sal por bicarbonato de sodio?,4,ingredient_substitution,9.0,es
tengo que sustituir el azúcar por la sal,4,ingredient_substitution,6.0,es
quiero substituir azúcar por sal,4,ingredient_substitution,6.0,es
¿Puedo usar harina en lugar de maicena para hacer salsa?,4,ingredient_substitution,10.0,es
¿Puedo sustituir la crema agria por yogur?,4,ingredient_substitution,7.0,es
"Si una receta requiere crema agria, ¿puedo usar yogur?",4,ingredient_substitution,11.0,es
¿Puedo usar crema agria en lugar de crema fresca?,4,ingredient_substitution,10.0,es
¿Puedo usar yogur en lugar de crema agria?,4,ingredient_substitution,9.0,es
¿Puedo usar crema agria en lugar de leche?,4,ingredient_substitution,8.0,es
"No tengo crema agria, ¿puedo usar yogur en su lugar?",4,ingredient_substitution,10.0,es
¿Puedo cambiar el yogur por crema agria?,4,ingredient_substitution,7.0,es
¿Se puede usar yogur para crema agria?,4,ingredient_substitution,7.0,es
¿Está bien sustituir la harina de pan por harina para todo uso?,4,ingredient_substitution,10.0,es
¿Puedes sustituir el azúcar blanco por azúcar moreno?,4,ingredient_substitution,10.0,es
¿Puedes sustituir mitad y mitad por crema batida espesa?,4,ingredient_substitution,10.0,es
¿Puedo usar levadura en polvo en lugar de bicarbonato de sodio?,4,ingredient_substitution,9.0,es
¿Crees que puedo sustituir la miel por azúcar?,4,ingredient_substitution,9.0,es
apropiado sustituir el comino por cúrcuma,4,ingredient_substitution,6.0,es
Se puede sustituir el comino por cúrcuma.,4,ingredient_substitution,5.0,es
el comino se puede sustituir por cúrcuma,4,ingredient_substitution,6.0,es
¿Es la leche de almendras un sustituto aceptable de la leche?,4,ingredient_substitution,8.0,es
¿Puedo cambiar la leche de coco por leche condensada?,4,ingredient_substitution,8.0,es
¿Puedo sustituir los huevos por leche en una receta?,4,ingredient_substitution,9.0,es
¿Puedo usar vino blanco en lugar de vino tinto en una receta?,4,ingredient_substitution,12.0,es
¿Puedo sustituir la mostaza por ketchup?,4,ingredient_substitution,6.0,es
¿Puedo sustituir la leche por leche de almendras?,4,ingredient_substitution,7.0,es
¿Es aceptable cambiar la leche por agua?,4,ingredient_substitution,8.0,es
¿Es aceptable cambiar pollo por cerdo?,4,ingredient_substitution,8.0,es
¿Es aceptable cambiar Marinara por Alfredo?,4,ingredient_substitution,8.0,es
¿Puedo sustituir la leche por agua?,4,ingredient_substitution,6.0,es
¿Es aceptable cambiar arroz por quinua?,4,ingredient_substitution,8.0,es
¿Puedo sustituir la mantequilla por margarina?,4,ingredient_substitution,6.0,es
¿Es aceptable cambiar la carne por tempeh?,4,ingredient_substitution,8.0,es
¿Puedo sustituir la sal por pimienta?,4,ingredient_substitution,6.0,es
¿Está bien usar azúcar moreno en lugar de azúcar en polvo?,4,ingredient_substitution,11.0,es
¿Puedo usar margarina en lugar de mantequilla?,4,ingredient_substitution,7.0,es
¿Puedo cambiar mantequilla de almendras por mantequilla de maní?,4,ingredient_substitution,9.0,es
¿Puedo usar sal en lugar de bicarbonato de sodio?,4,ingredient_substitution,8.0,es
¿Puedo sustituir la nata por leche?,4,ingredient_substitution,6.0,es
¿Puedo usar bicarbonato de sodio en lugar de polvo para hornear?,4,ingredient_substitution,9.0,es
¿Qué puedo usar como sustituto de la levadura?,4,ingredient_substitution,9.0,es
sustituto de la leche en panqueques,4,ingredient_substitution,5.0,es
alternativas al vino blanco en la comida,4,ingredient_substitution,6.0,es
¿Puedo usar otra cosa si no tengo huevos?,4,ingredient_substitution,10.0,es
¿Puedo usar pimiento verde en lugar de pimiento rojo?,4,ingredient_substitution,11.0,es
¿Es posible utilizar salchichas en lugar de hot dog?,4,ingredient_substitution,10.0,es
¿Está bien sustituir la lechuga por espinacas?,4,ingredient_substitution,8.0,es
es ajo machacado igual que ajo en polvo para una salsa de espagueti,4,ingredient_substitution,12.0,es
¿Puedo usar leche de almendras en lugar de leche de arroz?,4,ingredient_substitution,9.0,es
¿Puedo cambiar la pimienta de cayena por pimienta negra?,4,ingredient_substitution,8.0,es
¿Puedo usar harina normal si no tengo harina de pan?,4,ingredient_substitution,11.0,es
¿Puedo usar aceite de oliva en lugar de mantequilla?,4,ingredient_substitution,8.0,es
¿Puedo usar aceite de coco en lugar de aceite de oliva?,4,ingredient_substitution,9.0,es
¿Puedes usar leche normal en lugar de suero de leche?,4,ingredient_substitution,9.0,es
¿Puedo usar fresas en lugar de piñas para esto?,4,ingredient_substitution,9.0,es
¿Puedo usar queso cheddar fuerte en lugar de muenster?,4,ingredient_substitution,8.0,es
¿Puedo usar mayonesa en lugar de látigo milagroso?,4,ingredient_substitution,8.0,es
¿Puedo sustituir la leche de arroz por leche?,4,ingredient_substitution,7.0,es
¿Puedes darme las calorías del batido?,6,calories,9.0,es
¿Puedes decirme las calorías de la hamburguesa con queso?,6,calories,9.0,es
Me gustaría saber las calorías de esta pechuga de pollo.,6,calories,8.0,es
cuantas calorias tiene esta porcion de pizza,6,calories,8.0,es
¿Qué pasa con las calorías de esta ensalada de pollo?,6,calories,8.0,es
cuantas calorias tiene una fritura grande,6,calories,8.0,es
una papa frita grande tiene cuantas calorias,6,calories,8.0,es
¿Cuál es el contenido calórico de una bola de helado de chocolate?,6,calories,12.0,es
cuantas calorias tiene una bola de helado de chocolate,6,calories,9.0,es
dime cuantas calorias tiene una manzana mediana,6,calories,10.0,es
cuantas calorias tiene una bola de helado de chocolate,6,calories,11.0,es
cuantas calorias tiene una lata de coca cola,6,calories,9.0,es
¿Cuál es la cantidad de calorías en una pepsi?,6,calories,8.0,es
¿Cuál es el contenido calórico de una bolsa pequeña de patatas fritas Lay's?,6,calories,13.0,es
cuantas calorias tiene un kitkat,6,calories,7.0,es
cuantas calorias tiene una bola de helado de chocolate,6,calories,12.0,es
cuantas calorias contiene una bola de helado de chocolate,6,calories,11.0,es
¿Cuáles son las calorías esperadas en una galleta rellena de crema?,6,calories,9.0,es
¿Cuál es la cantidad de calorías en una tortilla con queso?,6,calories,9.0,es
¿Puedes decirme la cantidad de calorías en una dona glaseada?,6,calories,11.0,es
¿Cuál es la cantidad de calorías para la cazuela de atún?,6,calories,7.0,es
cuantas calorias tienen los waffles,6,calories,6.0,es
¿Cuál es el contenido calórico de los huevos fritos?,6,calories,7.0,es
¿Cuál es la cantidad de calorías en una galleta de avena rellena de crema?,6,calories,11.0,es
cuantas calorias tiene el pastel de chocolate,6,calories,7.0,es
¿Qué tan alto en calorías tiene la carne de cerdo?,6,calories,6.0,es
cuantas calorias tiene un panecillo de miel,6,calories,8.0,es
¿Qué tiene un sándwich de salchicha en calorías?,6,calories,8.0,es
¿Cuál es la cantidad de calorías en una coca cola?,6,calories,8.0,es
¿Cuáles son las calorías totales de dos porciones de pasta?,6,calories,10.0,es
¿Cuántas calorías debo planear tener en una dona?,6,calories,11.0,es
¿Cuántas calorías estimaría para fettuccine alfredo?,6,calories,9.0,es
cuantas calorias tiene un big mac,6,calories,8.0,es
¿Cuál es el contenido calórico si comes carne asada?,6,calories,9.0,es
¿Cuántas calorías consumiría si me comiera un hot dog cargado?,6,calories,12.0,es
¿Cuál es la carga calórica esperada de un sándwich de mantequilla de maní y mermelada?,6,calories,12.0,es
¿Qué contiene en calorías un tazón grande de helado?,6,calories,10.0,es
¿Los cheetos tienen muchas calorías?,6,calories,7.0,es
¿Cuál es el contenido calórico de los cheetos?,6,calories,6.0,es
busca las calorías en cheetos,6,calories,6.0,es
recuento de calorías de cheetos,6,calories,4.0,es
cuantas calorias tienen los cheetos,6,calories,6.0,es
cuantas calorias tiene una taza de arroz blanco,6,calories,10.0,es
cuantas calorias tiene el helado de vainilla,6,calories,8.0,es
una taza de almendras tiene cuantas calorias,6,calories,8.0,es
¿Cuál es la información calórica de 2 tazas de mezcla chex regular?,6,calories,11.0,es
¿Cuál es el contenido calórico de un plato de crocantes de arroz con leche?,6,calories,12.0,es
un plato de cheerios con leche tiene cuantas calorias,6,calories,10.0,es
cuantas calorias tiene una bolsa de doritos normales,6,calories,10.0,es
cuantas calorias tiene el helado de chocolate,6,calories,8.0,es
2 tazas de uvas tienen cuantas calorias,6,calories,8.0,es
¿Cuántas calorías tienen los espaguetis con salsa de carne?,6,calories,9.0,es
en una galleta cuantas calorias encontraria,6,calories,9.0,es
¿Cuál es la cantidad de calorías para una galleta?,6,calories,8.0,es
si me comiera una galleta cuantas calorias estaría ingiriendo,6,calories,12.0,es
las galletas tienen cuantas calorias,6,calories,5.0,es
cuantas calorias tiene una galleta,6,calories,7.0,es
cuantas calorias tiene el chicle,6,calories,5.0,es
cuantas calorias tiene el pollo,6,calories,5.0,es
cuantas calorias tiene el pastel de carne,6,calories,5.0,es
cuantas calorias tiene la pechuga de pollo,6,calories,7.0,es
cuantas calorias tiene el maní,6,calories,5.0,es
¿Cuál es la cantidad total de calorías en una bolsa de papas fritas?,6,calories,13.0,es
¿Puedes decirme la cantidad de calorías que puedo esperar que contenga un sándwich de atún?,6,calories,16.0,es
dame la cantidad esperada de calorías en un burrito de desayuno,6,calories,10.0,es
¿Puedes decirme la cantidad de calorías que tiene una porción de anacardos enteros?,6,calories,14.0,es
por favor dígame el total de calorías que se espera que contenga una sola porción de helado de chocolate,6,calories,17.0,es
Necesito saber las calorías totales de una ensalada césar con pollo.,6,calories,12.0,es
por favor dime cuantas calorias contiene una barra de chocolate,6,calories,10.0,es
¿Cuál es el número promedio de calorías en una taza de sopa de tomate?,6,calories,12.0,es
¿Sabes cuántas calorías tiene una sola pechuga de pollo?,6,calories,12.0,es
Necesito saber la cantidad de calorías en promedio en un puñado de pistachos.,6,calories,15.0,es
¿Cuál es el valor calórico de una galleta?,6,calories,8.0,es
cuantas calorias tienen las galletas,6,calories,6.0,es
¿Puedes decirme cuántas calorías tienen las galletas?,6,calories,10.0,es
¿Cuál es la cantidad de calorías en una galleta?,6,calories,8.0,es
¿Cuáles son las calorías en una galleta?,6,calories,7.0,es
¿Cuál es la cantidad de calorías para los muffins?,6,calories,7.0,es
¿Hay muchas calorías en los muffins?,6,calories,8.0,es
dime la cantidad de calorías en muffins,6,calories,8.0,es
¿Cuál es el total calórico de estos muffins?,6,calories,8.0,es
¿Qué cantidad de calorías hay en un panecillo?,6,calories,8.0,es
buscar las calorías en una manzana,6,calories,7.0,es
dime el contenido calórico de una manzana,6,calories,8.0,es
¿Cuál es el contenido calórico de una manzana?,6,calories,7.0,es
dime el contenido calórico de una manzana,6,calories,8.0,es
Necesito saber el contenido calórico de un trozo de pizza de pepperoni.,6,calories,13.0,es
cuantas calorias tiene una manzana,6,calories,7.0,es
quiero el contenido calórico de un plátano,6,calories,8.0,es
dime la cantidad de calorías que tiene un plátano,6,calories,9.0,es
¿Cómo se ven las calorías en las manzanas?,6,calories,8.0,es
¿Cuáles serán las calorías si como cereal?,6,calories,11.0,es
sumar las calorias de los tacos,6,calories,6.0,es
cuantas calorias tienen los cheerios,6,calories,6.0,es
¿Qué tipo de calorías hay en las cebollas?,6,calories,8.0,es
Necesito saber el número de calorías de una hamburguesa con queso y tocino.,6,calories,11.0,es
¿Cuál es el contenido calórico de la avena?,6,calories,6.0,es
¿Cuál es la cantidad de calorías de una manzana?,6,calories,8.0,es
¿Cuántas calorías en promedio tiene un hot dog?,6,calories,10.0,es
cuantas calorias tiene un trozo de tocino,6,calories,9.0,es
¿Qué se pone en la cazuela de pollo con fideos?,3,ingredients_list,8.0,es
¿Qué contiene la cazuela de pollo con fideos?,3,ingredients_list,6.0,es
¿Qué necesito para hacer una cazuela de pollo con fideos?,3,ingredients_list,9.0,es
¿Cómo se hace una cazuela de pollo con fideos?,3,ingredients_list,7.0,es
La cazuela de pollo con fideos está hecha de lo que,3,ingredients_list,7.0,es
dime qué ingredientes necesitaré para hacer esta comida,3,ingredients_list,11.0,es
¿Cuáles son los ingredientes de los espaguetis?,3,ingredients_list,6.0,es
¿Qué ingredientes están presentes en los malvaviscos?,3,ingredients_list,6.0,es
dime los ingredientes de la pizza,3,ingredients_list,6.0,es
¿Qué ingredientes se encuentran en el pollo Hunan?,3,ingredients_list,7.0,es
necesito saber los ingredientes de una hamburguesa,3,ingredients_list,9.0,es
muéstrame los ingredientes que necesito para el ceviche,3,ingredients_list,9.0,es
¿Tienes una lista de ingredientes que necesitaré para las rubias?,3,ingredients_list,12.0,es
dame una lista de ingredientes necesarios para la masa de pizza,3,ingredients_list,10.0,es
dime que ingredientes necesito para la carne asada,3,ingredients_list,9.0,es
¿Qué ingredientes se necesitan para la sopa de pollo con fideos?,3,ingredients_list,8.0,es
¿Qué ingredientes tiene la salsa?,3,ingredients_list,5.0,es
¿Qué ingredientes tiene la tarta de queso?,3,ingredients_list,6.0,es
¿Qué ingredientes tienen las galletas de azúcar?,3,ingredients_list,6.0,es
¿Qué ingredientes hay en la salsa de espinacas?,3,ingredients_list,6.0,es
¿Qué ingredientes hay en las tortas de café?,3,ingredients_list,6.0,es
¿Qué ingredientes necesito para hacer ensalada de huevo?,3,ingredients_list,9.0,es
¿Qué necesitaría si quisiera hacer pollo marsala?,3,ingredients_list,11.0,es
¿Qué ingredientes hay en la ensalada de antipasto?,3,ingredients_list,6.0,es
¿Qué necesito para hacer ensalada de pollo?,3,ingredients_list,8.0,es
¿Qué tipo de cosas hay en la ensalada de patatas?,3,ingredients_list,8.0,es
Ingredientes necesarios para hacer una lasaña mexicana.,3,ingredients_list,7.0,es
¿Cuáles son todos los ingredientes para los brownies desde cero?,3,ingredients_list,10.0,es
¿Cómo puedo hacer mis propios donuts/qué ingredientes?,3,ingredients_list,8.0,es
¿Qué cosas necesitaría para hacer tortellini?,3,ingredients_list,8.0,es
¿Qué necesito para hacer un pastel?,3,ingredients_list,8.0,es
¿Qué hay en Gumbo?,3,ingredients_list,5.0,es
¿Qué ingredientes necesito para gumbo?,3,ingredients_list,7.0,es
¿Qué ingredientes tiene gumbo?,3,ingredients_list,5.0,es
¿Cuáles son los ingredientes del gumbo?,3,ingredients_list,6.0,es
¿De qué está hecho el gumbo?,3,ingredients_list,5.0,es
¿Qué ingredientes necesito para hornear un pastel?,3,ingredients_list,9.0,es
Quiero preparar un desayuno rápido ¿Qué ingredientes necesito?,3,ingredients_list,12.0,es
¿Qué ingredientes se necesitan para el cóctel de camarones?,3,ingredients_list,7.0,es
Estoy haciendo espaguetis ¿Qué ingredientes necesito?,3,ingredients_list,8.0,es
quiero hacer un guiso de carne que ingredientes necesito,3,ingredients_list,12.0,es
¿Qué lleva la sopa de brócoli y queso cheddar?,3,ingredients_list,6.0,es
muéstrame la receta de sopa de brócoli y queso cheddar,3,ingredients_list,8.0,es
por favor indique los ingredientes para la sopa de brócoli y queso cheddar,3,ingredients_list,7.0,es
¿Qué ingredientes necesito para hacer sopa de brócoli y queso cheddar?,3,ingredients_list,10.0,es
"Estoy haciendo sopa de brócoli y queso cheddar, ¿qué ingredientes necesito?",3,ingredients_list,11.0,es
¿Qué ingredientes necesito para los filetes de queso Filadelfia?,3,ingredients_list,8.0,es
¿Qué necesito para cocinar sopa de pollo?,3,ingredients_list,8.0,es
¿Qué necesito para hacer lasaña?,3,ingredients_list,9.0,es
¿Qué debo comprar para hacer burritos esta noche?,3,ingredients_list,8.0,es
¿Qué ingredientes necesito para los tacos?,3,ingredients_list,7.0,es
¿Cuáles son los ingredientes para hacer pastel de pastor?,3,ingredients_list,8.0,es
¿Qué necesito comprar para hacer un espagueti?,3,ingredients_list,10.0,es
¿Qué necesito para hacer espaguetis?,3,ingredients_list,7.0,es
¿Cuál es la lista de ingredientes para una tortilla?,3,ingredients_list,8.0,es
¿Qué necesito si quiero hacer lasaña?,3,ingredients_list,10.0,es
¿Qué necesito para hacer un chile cajún?,3,ingredients_list,9.0,es
¿Qué contiene un batido de fresa?,3,ingredients_list,6.0,es
¿Qué debo tomar para hacer un pastel de chocolate alemán?,3,ingredients_list,10.0,es
¿Qué le pones al chile?,3,ingredients_list,6.0,es
¿Qué necesitas para hacer panqueques?,3,ingredients_list,7.0,es
¿Qué cosas se echan en una tortilla?,3,ingredients_list,8.0,es
¿Qué usas cuando haces una ensalada del chef?,3,ingredients_list,10.0,es
¿Qué compras para poner en un pastel de pastor?,3,ingredients_list,10.0,es
¿Qué se pone en una tortilla tibetana?,3,ingredients_list,8.0,es
¿Qué se mezcla para hacer un pastel de chocolate?,3,ingredients_list,9.0,es
¿Qué usa el metro para hacer un combo de fiambre?,3,ingredients_list,10.0,es
¿Qué necesitas para hacer el pollo del general tsao?,3,ingredients_list,9.0,es
¿Qué le pones a la salsa de aguacate?,3,ingredients_list,7.0,es
¿Qué ingredientes hay en el sushi?,3,ingredients_list,5.0,es
¿Qué se necesita para hacer panqueques de suero de leche?,3,ingredients_list,8.0,es
¿Qué necesito comprar para hacer pierogi?,3,ingredients_list,9.0,es
¿Qué necesito conseguir para poner en tortillas caseras?,3,ingredients_list,11.0,es
¿Qué alimentos pones en el desayuno inglés?,3,ingredients_list,9.0,es
¿Qué alimentos compro para incluir en una cena coreana?,3,ingredients_list,11.0,es
¿Qué necesitas para hacer vino de diente de león correctamente?,3,ingredients_list,9.0,es
¿Qué ingredientes hay en el pastel?,3,ingredients_list,5.0,es
que ingredientes llevan las tortillas,3,ingredients_list,5.0,es
¿Qué ingredientes hay en el puré de papas?,3,ingredients_list,6.0,es
¿Qué ingredientes hay en la masa?,3,ingredients_list,5.0,es
¿Qué ingredientes hay en las patatas fritas?,3,ingredients_list,5.0,es
los ingredientes de la pizza son lo que,3,ingredients_list,6.0,es
enumera los ingredientes de la pizza,3,ingredients_list,5.0,es
¿Qué ingredientes hay en la pizza?,3,ingredients_list,5.0,es
¿Qué ingredientes tiene la pizza?,3,ingredients_list,4.0,es
los ingredientes de la pizza son cuales,3,ingredients_list,7.0,es
¿Qué ingredientes necesito para hacer ensalada de salmón?,3,ingredients_list,9.0,es
¿Qué ingredientes van en los espaguetis?,3,ingredients_list,5.0,es
¿Qué ingredientes necesito para hacer pizza?,3,ingredients_list,8.0,es
¿Qué ingredientes necesito para hacer panqueques?,3,ingredients_list,8.0,es
¿Qué ingredientes necesito para hacer cáscaras de papa?,3,ingredients_list,9.0,es
¿Qué ingredientes van en el puré de papa?,3,ingredients_list,6.0,es
¿Qué ingredientes van en la piel de las patatas?,3,ingredients_list,6.0,es
¿Qué ingredientes necesito para hacer espaguetis?,3,ingredients_list,8.0,es
¿Qué ingredientes van en forma láctea?,3,ingredients_list,7.0,es
que ingredientes van en la pizza,3,ingredients_list,5.0,es
¿Qué ingredientes son necesarios para un bistec?,3,ingredients_list,7.0,es
para hacer una tortilla que ingredientes necesito,3,ingredients_list,9.0,es
"En cuanto a hacer huevos revueltos, ¿qué ingredientes necesito?",3,ingredients_list,11.0,es
¿Qué ingredientes necesito para la pechuga de pollo?,3,ingredients_list,8.0,es
¿Puedes darme una sugerencia para una cena francesa?,1,meal_suggestion,8.0,es
"Sugiérame una comida de Laos, por favor.",1,meal_suggestion,8.0,es
¿Puedes darme una sugerencia de comida vietnamita?,1,meal_suggestion,8.0,es
sugiérame una comida de birmania,1,meal_suggestion,7.0,es
¿Puedes darme una sugerencia para una cena vietnamita?,1,meal_suggestion,8.0,es
"sugiérame una comida de Tailandia, por favor.",1,meal_suggestion,8.0,es
"¿Puedes darme una sugerencia de comida tailandesa, por favor?",1,meal_suggestion,9.0,es
"¿Puedes darme una sugerencia de comida vietnamita, por favor?",1,meal_suggestion,9.0,es
"¿Puedes darme una sugerencia de comida birmana, por favor?",1,meal_suggestion,9.0,es
"Sugiérame una comida de Birmania, por favor.",1,meal_suggestion,8.0,es
¿Puedes darme una sugerencia para una cena birmana?,1,meal_suggestion,8.0,es
¿Puedes darme una sugerencia de comida tailandesa?,1,meal_suggestion,8.0,es
¿Puedes darme una sugerencia para una cena tailandesa?,1,meal_suggestion,8.0,es
sugiérame una comida de Tailandia,1,meal_suggestion,7.0,es
Dame ideas de comida italiana.,1,meal_suggestion,5.0,es
sugiérame una comida italiana,1,meal_suggestion,6.0,es
¿Puedes sugerirme comidas de Italia?,1,meal_suggestion,8.0,es
¿Puedes sugerirme una comida italiana?,1,meal_suggestion,9.0,es
Por favor sugiérame comidas de Italia.,1,meal_suggestion,7.0,es
¿Puedes decirme un buen plato indio para hacer?,1,meal_suggestion,10.0,es
¿Tienes alguna buena idea para la cena?,1,meal_suggestion,5.0,es
¿Cuál es una receta china sencilla para la cena?,1,meal_suggestion,7.0,es
¿Conoces buenos platos de pasta?,1,meal_suggestion,7.0,es
¿Qué puedo hacer para cenar con carne molida?,1,meal_suggestion,9.0,es
necesito nuevas ideas para la cena,1,meal_suggestion,5.0,es
¿Qué puedo hacer para cenar?,1,meal_suggestion,6.0,es
¿Conoces algún plato griego que pueda preparar para la cena?,1,meal_suggestion,11.0,es
¿Cuál crees que sería una buena cena?,1,meal_suggestion,9.0,es
¿Qué estaría bien para cenar?,1,meal_suggestion,6.0,es
¿Qué debería cenar?,1,meal_suggestion,6.0,es
Me gustaría recibir sugerencias para cenar comida tailandesa.,1,meal_suggestion,9.0,es
Dame sugerencias para cenas de cocina italiana.,1,meal_suggestion,6.0,es
¿Podrías darme sugerencias para cenar con cocina italiana?,1,meal_suggestion,9.0,es
Necesito sugerencias para cenar comida mexicana.,1,meal_suggestion,7.0,es
¿Cómo es la pizza por aquí?,1,meal_suggestion,6.0,es
¿Cuál es la mejor pizzería por aquí?,1,meal_suggestion,7.0,es
que rica es la pizza aqui,1,meal_suggestion,6.0,es
¿Qué sugerirías para cenar?,1,meal_suggestion,6.0,es
necesito ideas para la cena,1,meal_suggestion,4.0,es
Necesito una sugerencia de comida mexicana,1,meal_suggestion,6.0,es
Ayúdame a decidir qué comida mexicana quiero.,1,meal_suggestion,8.0,es
¿Qué tipo de comida mexicana debería comer?,1,meal_suggestion,8.0,es
¿Qué comida mexicana sería buena?,1,meal_suggestion,6.0,es
"Necesito cocinar, ¿qué debo hacer?",1,meal_suggestion,8.0,es
"No puedo decidirme por la cena, ¿qué sugieres?",1,meal_suggestion,9.0,es
sugiérame una buena comida mexicana,1,meal_suggestion,7.0,es
¿Tiene alguna sugerencia para una comida de Australia?,1,meal_suggestion,10.0,es
Me gustaría que me dieras una idea para una comida islandia.,1,meal_suggestion,13.0,es
¿Puedes sugerir alguna buena comida de Chicago?,1,meal_suggestion,8.0,es
por favor sugiérame una comida de italia,1,meal_suggestion,8.0,es
¿Puedes sugerirme alguna comida de Nigeria?,1,meal_suggestion,9.0,es
¿Puedes darme una sugerencia de comida para la cocina sueca?,1,meal_suggestion,10.0,es
¿Tiene alguna buena recomendación para la cocina suiza?,1,meal_suggestion,9.0,es
Estoy buscando una buena sugerencia para la cocina nórdica.,1,meal_suggestion,9.0,es
¿Qué es una buena comida francesa?,1,meal_suggestion,5.0,es
Estoy buscando sugerencias de comida italiana.,1,meal_suggestion,6.0,es
quiero que me des una sugerencia sobre que hacer para cenar,1,meal_suggestion,14.0,es
quiero una sugerencia de comida italiana,1,meal_suggestion,6.0,es
necesito una sugerencia de comida italiana,1,meal_suggestion,6.0,es
Por favor dame una sugerencia sobre qué hacer para la cena.,1,meal_suggestion,11.0,es
Me gustaría una sugerencia de comida italiana.,1,meal_suggestion,6.0,es
Necesito que me des una sugerencia sobre qué hacer para cenar.,1,meal_suggestion,14.0,es
Me encantaría una sugerencia de comida italiana.,1,meal_suggestion,7.0,es
adelante y dame una sugerencia sobre qué hacer para la cena,1,meal_suggestion,13.0,es
Realmente quiero una sugerencia de comida italiana.,1,meal_suggestion,7.0,es
sugerirme comida de italia,1,meal_suggestion,6.0,es
sugiérame una comida italiana,1,meal_suggestion,6.0,es
¿Qué comida de Italia sugieres?,1,meal_suggestion,7.0,es
¿Qué comida de Italia sugieres?,1,meal_suggestion,7.0,es
sugiérame una comida de italia,1,meal_suggestion,7.0,es
necesito una sugerencia para una receta de cena,1,meal_suggestion,8.0,es
sugiérame una comida que venga de México,1,meal_suggestion,9.0,es
¿Puedes sugerirme una comida irlandesa?,1,meal_suggestion,9.0,es
sugiérame algo para preparar para la cena,1,meal_suggestion,9.0,es
¿Puedes recomendarme un plato de Etiopía?,1,meal_suggestion,9.0,es
¿Qué crees que debería preparar para mi cena?,1,meal_suggestion,10.0,es
¿Tienes algún plato sureño para recomendar?,1,meal_suggestion,8.0,es
busca una receta para cenar para sugerirme,1,meal_suggestion,10.0,es
¿Qué debo hacer para la cena?,1,meal_suggestion,6.0,es
por favor sugiérame una comida británica,1,meal_suggestion,7.0,es
¿Qué tipo de comida griega es buena para cenar?,1,meal_suggestion,9.0,es
¿Qué tipo de pizzas hay disponibles para la cena?,1,meal_suggestion,8.0,es
Necesito algunas buenas ideas para la cena.,1,meal_suggestion,5.0,es
"Pensando en preparar la cena, ¿qué debo hacer?",1,meal_suggestion,8.0,es
dame algunas opciones sobre qué cocinar para la cena,1,meal_suggestion,10.0,es
Por favor proporcione una opción para la cena.,1,meal_suggestion,6.0,es
Me gustaría saber qué ideas tienes sobre cómo preparar la cena esta noche.,1,meal_suggestion,13.0,es
¿Tiene alguna sugerencia sobre lo que debería cocinar para la cena?,1,meal_suggestion,13.0,es
sugiérame una comida de Dinamarca,1,meal_suggestion,7.0,es
sugiérame una comida de corea,1,meal_suggestion,7.0,es
sugerirme una comida de Alemania,1,meal_suggestion,7.0,es
sugiérame una comida de la india,1,meal_suggestion,7.0,es
sugiérame una comida de nueva york,1,meal_suggestion,8.0,es
¿Qué crees que debería hacer para cenar?,1,meal_suggestion,9.0,es
¿Qué piensas sobre preparar la cena esta noche?,1,meal_suggestion,9.0,es
Déjame elegir tu cerebro ¿Qué crees que deberíamos hacer para cenar esta noche?,1,meal_suggestion,15.0,es
alguna sugerencia para una comida peruana,1,meal_suggestion,6.0,es
¿Qué plato peruano debo hacer?,1,meal_suggestion,6.0,es
¿Qué debería comer en un restaurante mexicano?,1,meal_suggestion,8.0,es
sugiérame una comida de Perú,1,meal_suggestion,7.0,es
¿Cuál es la mejor manera de asar un pollo?,2,recipe,8.0,es
¿Cómo hago masa para pastel?,2,recipe,6.0,es
encuentra una receta de pastel de chocolate alemán,2,recipe,7.0,es
¿Cómo frito chuletas de cerdo?,2,recipe,6.0,es
¿Cómo cocino huevos duros?,2,recipe,6.0,es
"Encuentra una receta de chow mein para mí, por favor.",2,recipe,8.0,es
¿Sabes hacer chow mein?,2,recipe,8.0,es
¿Puedes encontrar una receta sobre cómo hacer chow mein?,2,recipe,11.0,es
dime como hacer chow mein,2,recipe,7.0,es
Me gustaría que me ayudaran a encontrar una receta de chow mein.,2,recipe,12.0,es
muéstrame una receta de carne,2,recipe,5.0,es
¿Cuál es una buena receta de carne?,2,recipe,6.0,es
necesito una receta de carne,2,recipe,6.0,es
dame una receta de carne,2,recipe,5.0,es
¿Dónde hay una receta de carne?,2,recipe,5.0,es
ya sabes procedimiento para cocinar pastel de manzana,2,recipe,7.0,es
¿Qué se necesita para cocinar pastel de manzana?,2,recipe,8.0,es
¿Sabes cuáles son los ingredientes para hacer tarta de manzana?,2,recipe,11.0,es
¿Conoces la receta para hacer tarta de manzana?,2,recipe,8.0,es
¿Cómo se cocina el pastel de manzana?,2,recipe,6.0,es
¿Cómo hago pastel de calabaza?,2,recipe,6.0,es
hacer salsa de espagueti a la perfección se hace cómo,2,recipe,7.0,es
hacer costillas perfectamente se hace como,2,recipe,6.0,es
¿Cómo hago pastel de merengue de limón?,2,recipe,7.0,es
¿Cómo hago lasaña?,2,recipe,5.0,es
buscar una receta de macarrones con queso,2,recipe,7.0,es
¿Puedes conseguirme una receta de puré de patatas?,2,recipe,9.0,es
Necesito instrucciones sobre cómo hacer pastel de pastor por favor.,2,recipe,10.0,es
por favor ayúdenme con instrucciones sobre cómo hacer pollo al curry,2,recipe,9.0,es
¿Cuáles son los pasos que debo seguir para hacer golosinas de arroz krispies masticables?,2,recipe,14.0,es
¿Cuál es la mejor manera de hacer pollo salteado?,2,recipe,9.0,es
¿Cómo hago ensalada de atún?,2,recipe,6.0,es
¿Puedes darme una receta de pastel de chocolate alemán?,2,recipe,10.0,es
necesito una receta de como hacer estofado de carne,2,recipe,10.0,es
Quiero una buena receta que me muestre cómo hornear galletas con chispas de chocolate desde cero.,2,recipe,16.0,es
busque una receta de brownies de chocolate y dulce de azúcar,2,recipe,8.0,es
¿Me darías alguna orientación sobre cómo hacer ceviche?,2,recipe,11.0,es
"¿Puedes buscar las mejores recetas de tarta de queso al estilo de Nueva York, por favor?",2,recipe,12.0,es
busque recetas fáciles de seguir para costillas de res,2,recipe,9.0,es
necesito la mejor receta de puré de patatas,2,recipe,8.0,es
¿Puedes encontrarme una receta de pastel?,2,recipe,8.0,es
¿Puedes encontrarme una receta de quiche?,2,recipe,8.0,es
¿Puedes encontrarme una receta de pasta?,2,recipe,8.0,es
¿Puedes encontrarme una receta de costillas?,2,recipe,8.0,es
¿Puedes encontrarme una receta para el pastel?,2,recipe,8.0,es
¿Qué pasos hay que seguir para hacer lasaña?,2,recipe,7.0,es
¿Cómo puedo hacer pastel de pollo?,2,recipe,7.0,es
cómo hacer macarrones con queso,2,recipe,6.0,es
¿Cómo se hace el asado?,2,recipe,6.0,es
¿Puedes encontrar una receta abundante de lasaña?,2,recipe,7.0,es
encuentra una buena receta de pastel de carne,2,recipe,6.0,es
Estoy buscando una receta de pasta italiana vegana.,2,recipe,10.0,es
¿Cómo se cocina el pastel de carne?,2,recipe,5.0,es
necesito una receta de lasaña vegetariana,2,recipe,6.0,es
necesito una receta rapida de jamon en espiral,2,recipe,8.0,es
cual es la receta de fideos de arroz,2,recipe,6.0,es
¿Puedes ayudarme a encontrar una receta de lasaña?,2,recipe,8.0,es
necesito una receta de pastel de pollo,2,recipe,8.0,es
ayúdame a encontrar una receta para una cazuela de carne,2,recipe,9.0,es
necesito ayuda para encontrar una receta de enchiladas,2,recipe,8.0,es
Necesito saber cómo hacer filetes de queso Filadelfia.,2,recipe,9.0,es
necesito una receta de pastel de moras,2,recipe,6.0,es
¿Qué necesito hacer para hacer pastel de moras?,2,recipe,10.0,es
instrucciones de pastel de moras,2,recipe,3.0,es
¿Cómo se hace el pastel de moras?,2,recipe,6.0,es
¿Cómo horneo un pastel de moras?,2,recipe,7.0,es
¿Tienes un libro de cocina que pueda enseñarme a hacer sushi?,2,recipe,12.0,es
¿Puedes enseñarme a hacer sushi?,2,recipe,8.0,es
donde puedo buscar para aprender a hacer sushi,2,recipe,9.0,es
¿Qué necesitas hacer para hacer sushi?,2,recipe,9.0,es
¿Existe algún buen sitio web que me enseñe a hacer sushi?,2,recipe,12.0,es
dime como hacer ternera Wellington,2,recipe,7.0,es
¿Cuál es una buena receta para el diván de pollo?,2,recipe,7.0,es
buscame una receta de pollo teriyaki,2,recipe,7.0,es
descubre cómo hacer pollo tikka masala,2,recipe,8.0,es
¿Cómo hago stroganoff de carne?,2,recipe,6.0,es
por favor muéstrame una receta de chile,2,recipe,7.0,es
¿Cuál es una buena receta de chile?,2,recipe,6.0,es
Necesito que me encuentres una receta de camarones fritos,2,recipe,11.0,es
¿Puedes encontrarme una receta de pasteles de café?,2,recipe,9.0,es
¿Puedes encontrarme una receta de salsa?,2,recipe,8.0,es
¿Puedes encontrarme una receta de jamón con miel?,2,recipe,9.0,es
¿Puedes encontrarme una receta de pastel de queso?,2,recipe,9.0,es
¿Puedes encontrarme una receta de galletas de azúcar?,2,recipe,9.0,es
¿Puedes encontrarme una receta de pastel de zanahoria?,2,recipe,9.0,es
¿Cómo se hace Benedict Arnold?,2,recipe,6.0,es
¿Cómo se crea el chile de cerdo?,2,recipe,6.0,es
¿Cuál es la mejor manera de hacer una ensalada de brócoli?,2,recipe,9.0,es
¿Hay instrucciones sobre cómo hacer panqueques de suero de leche?,2,recipe,9.0,es
¿Cuál es la manera de hacer pastel de manzana?,2,recipe,7.0,es
¿Cuál es el proceso de hacer un burrito?,2,recipe,7.0,es
¿Cómo hago un taco que valga la pena comer?,2,recipe,9.0,es
¿Cómo hago ese plato escocés con toda la sangre y salchichas?,2,recipe,13.0,es
¿Hay alguna receta de chile que pueda usar?,2,recipe,9.0,es
por favor dame instrucciones sobre cómo hacer pastel de arándanos,2,recipe,8.0,es
¿Puedes explicarme cómo hacer pastel de chocolate alemán?,2,recipe,11.0,es
¿Cómo hago la tortilla perfecta?,2,recipe,7.0,es
"Quiero hacer pan de masa agria, por favor encuentra una buena receta para mí.",2,recipe,14.0,es
necesito una muy buena receta para hacer donas,2,recipe,9.0,es
por favor búscame una receta de espaguetis ahora,2,recipe,8.0,es
¿Qué tan saludable es el pastel de Shepard?,5,nutrition_info,,es
¿Qué tan saludable es el pastel de nueces?,5,nutrition_info,,es
que tan saludable es el hummus,5,nutrition_info,,es
que tan saludable es la ensalada,5,nutrition_info,,es
¿Qué tan saludable es el pastel de calabaza?,5,nutrition_info,,es
¿El chocolate es bueno para ti?,5,nutrition_info,,es
dime que tan saludable es el chocolate,5,nutrition_info,,es
¿Cuál es la información nutricional de los macarrones con queso kraft?,5,nutrition_info,,es
¿El chocolate es malo o bueno para ti?,5,nutrition_info,,es
¿Puedes decirme la información nutricional de un Big Mac?,5,nutrition_info,,es
¿Las papas fritas son saludables o no?,5,nutrition_info,,es
dime la información nutricional de un plátano normal,5,nutrition_info,,es
léeme la información nutricional de una bolsa de patatas chips lay's,5,nutrition_info,,es
Obtenga la información nutricional de una Coca-Cola de 12 oz.,5,nutrition_info,,es
¿Es el chocolate saludable?,5,nutrition_info,,es
dime cuanta grasa tiene la hamburguesa,5,nutrition_info,,es
¿Cuál es la información nutricional de las gambas al ajillo?,5,nutrition_info,,es
cuantos gramos de sodio hay en las papas fritas,5,nutrition_info,,es
¿El arroz es bueno para mí?,5,nutrition_info,,es
¿Es saludable comer zanahoria cruda?,5,nutrition_info,,es
¿Es segura mi leche para beber después de estar en el refrigerador durante una semana?,8,food_last,,es
"La sidra de manzana ha estado en mi refrigerador durante cuatro meses, así que todavía puedo beberla.",8,food_last,,es
"La mayonesa ha estado en mi refrigerador durante tres años, ¿todavía es buena para comer?",8,food_last,,es
¿El pollo cocido sigue estando bueno después de haber estado refrigerado durante dos semanas?,8,food_last,,es
"He tenido huevos frescos de granja en el refrigerador durante algunos meses, ¿todavía se pueden ingerir?",8,food_last,,es
cuantos dias faltan para que caduque la leche,8,food_last,,es
¿Estará bien el arroz en el frigorífico durante 3 días?,8,food_last,,es
¿Está bien el arroz después de 3 días en el refrigerador?,8,food_last,,es
"Después de 3 días en el refrigerador, ¿el arroz es seguro para comer?",8,food_last,,es
¿El arroz está malo después de 3 días en el refrigerador?,8,food_last,,es
¿Puedo guardar el arroz en el frigorífico durante 3 días?,8,food_last,,es
cuando se me acaba la leche,8,food_last,,es
cuanto tiempo tarda en caducar la leche,8,food_last,,es
¿Cómo sé si mi leche está vencida?,8,food_last,,es
cual es la fecha de vencimiento de mi leche,8,food_last,,es
cuanto falta para que se me acabe la leche,8,food_last,,es
¿Cuánto tiempo puedo mantener la carne de cerdo en el congelador antes de que se queme?,8,food_last,,es
¿Cuánto tiempo puedo mantener la carne en el congelador antes de que se ponga fea?,8,food_last,,es
¿Cuánto tiempo puedo mantener el pollo en el congelador antes de que se ponga asqueroso?,8,food_last,,es
¿Cuánto tiempo puedo mantener el bisonte en el congelador antes de que se eche a perder?,8,food_last,,es
¿Cuánto tiempo necesito para cocinar el pot au feu?,7,cook_time,,es
¿Cuánto tiempo necesito para cocinar el chile?,7,cook_time,,es
¿Cuánto tiempo necesito para cocinar lasaña?,7,cook_time,,es
¿Cuánto tiempo necesito para cocinar la cazuela de atún?,7,cook_time,,es
¿Cuánto tiempo necesito para cocinar estofado de carne?,7,cook_time,,es
¿Cuánto tiempo debo cocinar patatas fritas campestres?,7,cook_time,,es
¿Cuánto tiempo debo cocinar pho?,7,cook_time,,es
¿Cuánto tiempo debo cocinar el bistec?,7,cook_time,,es
¿Cuánto tiempo debo cocinar el asado?,7,cook_time,,es
necesito saber por cuanto tiempo se cocina el pollo,7,cook_time,,es
¿Cuánto tiempo pongo las galletas de azúcar?,7,cook_time,,es
¿Cuánto tiempo debo cocinar las carnitas?,7,cook_time,,es
¿Cuánto tiempo debo cocinar el jamón?,7,cook_time,,es
¿Cuánto tiempo se tarda en hacer pho?,7,cook_time,,es
¿Cuánto tiempo necesito para cocinar el asado?,7,cook_time,,es
¿Cuánto tiempo debo calentar los bolsillos en el microondas?,7,cook_time,,es
¿Cuánto tiempo se tarda en cocinar bolsillos calientes?,7,cook_time,,es
¿Cuál es el tiempo de cocción recomendado para el bistec?,7,cook_time,,es
¿Debo cocinar esto por mucho tiempo?,7,cook_time,,es
¿A qué hora debo dejar esto en el horno?,7,cook_time,,es
¿Sería un problema incluir patatas fritas en lugar de patatas fritas?,4,ingredient_substitution,,es
déjame saber si puedo usar ketchup en lugar de mostaza,4,ingredient_substitution,,es
¿Está bien usar ketchup en lugar de mostaza?,4,ingredient_substitution,,es
¿Es normal usar mayonesa en lugar de queso?,4,ingredient_substitution,,es
¿Puedo sustituir el ketchup por mostaza?,4,ingredient_substitution,,es
Me pregunto si sería posible pasar de las manzanas a las uvas.,4,ingredient_substitution,,es
¿Se permite cambiar manzanas por uvas?,4,ingredient_substitution,,es
¿Está bien cambiar manzanas por uvas?,4,ingredient_substitution,,es
¿Puedo modificar las manzanas por uvas?,4,ingredient_substitution,,es
¿Podría cambiar manzanas por uvas?,4,ingredient_substitution,,es
no tengo mantequilla puedo usar aceite,4,ingredient_substitution,,es
¿La mantequilla es un sustituto del aceite?,4,ingredient_substitution,,es
¿Está bien usar mantequilla en lugar de aceite?,4,ingredient_substitution,,es
son mantequilla y aceite intercambiables,4,ingredient_substitution,,es
¿Puedes cambiar la mantequilla y el aceite?,4,ingredient_substitution,,es
¿Sabes si puedo usar pimienta y no sal?,4,ingredient_substitution,,es
¿Funcionará la pimienta en lugar de la sal?,4,ingredient_substitution,,es
¿La pimienta reemplaza la sal?,4,ingredient_substitution,,es
¿Estaría bien si tuviera pimienta y no sal?,4,ingredient_substitution,,es
¿Puedo usar pimienta en lugar de sal?,4,ingredient_substitution,,es
¿Cuál es el contenido calórico de las patatas fritas?,6,calories,,es
¿Sabes el contenido calórico de una tira de tocino?,6,calories,,es
cuantas calorias se encuentran en los bagels,6,calories,,es
dime el contenido calórico de los copos helados,6,calories,,es
infórmame del contenido calórico del helado de vainilla.,6,calories,,es
cuantas calorias tienen las manzanas,6,calories,,es
cuantas calorias tienen las naranjas,6,calories,,es
cuantas calorias tiene el helado,6,calories,,es
cuantas calorias tiene el pastel,6,calories,,es
cuantas calorias tienen las oreos,6,calories,,es
cuantas calorias tienen dos bananos,6,calories,,es
en un huevo frito cuantas calorias tiene,6,calories,,es
palitos de pocki tiene cuantas calorias,6,calories,,es
¿Cuál es la cantidad de calorías que tienen los huevos revueltos?,6,calories,,es
cuantas calorias hay en un agujero sin cobertura,6,calories,,es
¿Cuántas calorías tiene un caramelo de caramelo con sal marina Ghirardelli?,6,calories,,es
cuantas calorias tiene un intestino de trigo,6,calories,,es
¿Cuántas calorías tiene una porción de salsa de cebolla francesa Deans?,6,calories,,es
cuantas calorias tiene el puré de papas,6,calories,,es
cuantas calorias tienen las donas en polvo,6,calories,,es
Necesito una lista de ingredientes necesarios para hacer estofado de cordero.,3,ingredients_list,,es
busque los ingredientes necesarios incluidos en las albóndigas,3,ingredients_list,,es
¿Puedes decirme los ingredientes utilizados en la salsa para pasta?,3,ingredients_list,,es
¿Conoces los ingredientes utilizados en la sopa de pollo casera?,3,ingredients_list,,es
Necesito saber qué ingredientes lleva una baguette francesa.,3,ingredients_list,,es
encuentre la lista de ingredientes que necesitaría para hornear un pastel de embudo,3,ingredients_list,,es
¿Cuáles son los ingredientes utilizados en el pollo al curry?,3,ingredients_list,,es
¿Puedes decirme qué ingredientes se necesitan para los bollos de canela?,3,ingredients_list,,es
por favor dame una lista de los ingredientes que contienen los cupcakes de chocolate,3,ingredients_list,,es
¿Qué ingredientes necesito para hacer pan con pasas?,3,ingredients_list,,es
¿Qué debo conseguir para hacer las hamburguesas jamaicanas?,3,ingredients_list,,es
¿Qué necesito para hacer masa de pizza?,3,ingredients_list,,es
¿Qué tipo de ingredientes lleva el pollo a la king?,3,ingredients_list,,es
¿Qué necesito para hacer lasaña?,3,ingredients_list,,es
Dónde están los ingredientes para el salteado,3,ingredients_list,,es
"Para la pasta primavera, ¿qué ingredientes usaré?",3,ingredients_list,,es
¿Qué ingredientes necesito para las gambas al ajillo?,3,ingredients_list,,es
necesito que ingredientes para el pastel de carne,3,ingredients_list,,es
¿Qué ingredientes usaré para lasaña?,3,ingredients_list,,es
"Para el bistec a la pimienta, ¿qué ingredientes necesito?",3,ingredients_list,,es
¿Puedes darme una sugerencia de comida china?,1,meal_suggestion,,es
Me gustaría que sugirieras un plato chino.,1,meal_suggestion,,es
por favor sugiera una comida china,1,meal_suggestion,,es
Me gustaría que me dieras una sugerencia para una comida mexicana.,1,meal_suggestion,,es
¿Puedes sugerir un plato mexicano?,1,meal_suggestion,,es
Necesito algunas buenas sugerencias para la cocina peruana.,1,meal_suggestion,,es
ayúdame a encontrar algunas recetas nuevas para la cena,1,meal_suggestion,,es
¿Cuál dirías que es una buena idea para una cena alemana?,1,meal_suggestion,,es
Necesito una idea para una cena italiana.,1,meal_suggestion,,es
alguna recomendación para una cena griega,1,meal_suggestion,,es
¿Cuál dirías que es la mejor comida para cenar?,1,meal_suggestion,,es
Estoy aburrido y necesito nuevas recomendaciones para cenar.,1,meal_suggestion,,es
necesito una idea para una cena francesa,1,meal_suggestion,,es
¿Cuál es una buena sugerencia para una cena china?,1,meal_suggestion,,es
¿Qué sugerirías cenar?,1,meal_suggestion,,es
Necesito sugerencias para una cena rápida.,1,meal_suggestion,,es
¿Qué tipo de comida debo comer de Tailandia?,1,meal_suggestion,,es
Sugiera una comida de Tailandia por favor.,1,meal_suggestion,,es
sugerencias de comida tailandesa,1,meal_suggestion,,es
dar recomendaciones de comida tailandesa,1,meal_suggestion,,es
me gustaria aprender a hacer galletas,2,recipe,,es
muéstrame recetas populares de sushi,2,recipe,,es
necesito una receta de panqueques,2,recipe,,es
encuentre instrucciones para hornear pastel de limón,2,recipe,,es
¿Puedes darme instrucciones sobre cómo hacer alfredo?,2,recipe,,es
¿Cómo hago camarones?,2,recipe,,es
cual es una buena receta de bistec,2,recipe,,es
encontrar una receta para hamburguesas,2,recipe,,es
saca recetas de ramen por favor,2,recipe,,es
¿Cómo se hacen las albóndigas?,2,recipe,,es
¿Cómo se hace el aderezo de queso azul?,2,recipe,,es
necesito una receta de pollo cordon bleu,2,recipe,,es
receta de rosbif tradicional y salsa,2,recipe,,es
Quiero hacer asado de cerdo pero no se como,2,recipe,,es
dame una buena receta de pollo parmesano,2,recipe,,es
¿Tienes alguna buena manera de hacer sopa de tomate?,2,recipe,,es
como hago pollo alfredo,2,recipe,,es
receta de stroganoff de ternera,2,recipe,,es
Necesito encontrar una buena manera de hacer sopa de pollo.,2,recipe,,es
dime como hacer ramen,2,recipe,,es
